{
  "0": 0.0,
  "0.5": 8.836549072906482,
  "1.0": 8.895958963617396,
  "1.5": 8.953924225213493,
  "2.0": 9.010192142835235,
  "2.5": 9.064867220633346,
  "3.0": 9.117945425596751,
  "3.5": 9.169431618526229,
  "4.0": 9.219339662728391,
  "4.5": 9.267692475659661,
  "5.0": 9.314429858391883,
  "5.5": 9.359780008544398,
  "6.0": 9.403697550730046,
  "6.5": 9.4462409728725,
  "7.0": 9.487477224624067,
  "7.5": 9.527481438430632,
  "8.0": 9.56633660309955,
  "8.5": 9.60413319346101,
  "9.0": 9.640968760138872,
  "9.5": 9.676947483761829,
  "10.0": 9.712249491341952,
  "10.5": 9.746850039769955,
  "11.0": 9.780941421312287,
  "11.5": 9.814649341768993,
  "12.0": 9.848103540808914,
  "12.5": 9.881437234329121,
  "13.0": 9.914786555273212,
  "13.5": 9.94828999745218,
  "14.0": 9.982087866633774,
  "14.5": 10.016321742878345,
  "15.0": 10.051133957749096,
  "15.5": 10.086667089659608,
  "16.0": 10.123063480239841,
  "16.5": 10.160464774174695,
  "17.0": 10.199011484579316,
  "17.5": 10.238842585567278,
  "18.0": 10.280095133236497,
  "18.5": 10.322903915944558,
  "19.0": 10.367310368381538,
  "19.5": 10.41362158278939,
  "20.0": 10.461876491354275,
  "20.5": 10.512197916347505,
  "21.0": 10.564705108275966,
  "21.5": 10.619513570483479,
  "22.0": 10.676734909963155,
  "22.5": 10.73647671299292,
  "23.0": 10.798842444081203,
  "23.5": 10.863931366564575,
  "24.0": 10.931838483154063,
  "24.5": 11.002654494639343,
  "25.0": 11.076465774949678,
  "25.5": 11.153884568773918,
  "26.0": 11.23590126581961,
  "26.5": 11.322674912102102,
  "27.0": 11.414344555896417,
  "27.5": 11.511041418357081,
  "28.0": 11.612888802977048,
  "28.5": 11.720002043189089,
  "29.0": 11.8324884866134,
  "29.5": 11.950447513832069,
  "30.0": 12.0739705892863,
  "30.5": 12.203141341619459,
  "31.0": 12.338035670614062,
  "31.5": 12.478721877701943,
  "32.0": 12.625260816954347,
  "32.5": 12.777706063384086,
  "33.0": 12.936104095493357,
  "33.5": 13.10049448899115,
  "34.0": 13.270910118812525,
  "34.5": 13.447377366689205,
  "35.0": 13.629916331782788,
  "35.5": 13.818541042100614,
  "36.0": 14.013259664720348,
  "36.5": 14.214074713090792,
  "37.0": 14.42098325001755,
  "37.5": 14.633977085218751,
  "38.0": 14.853042966599205,
  "38.5": 15.078162764721409,
  "39.0": 15.309781977539993,
  "39.5": 15.546948568263453,
  "40.0": 15.790087093784386,
  "40.5": 16.039161610315528,
  "41.0": 16.294132115043304,
  "41.5": 16.554954691208103,
  "42.0": 16.821581648490422,
  "42.5": 17.093961659521835,
  "43.0": 17.37203989336347,
  "43.5": 17.6557581468502,
  "44.0": 17.945054974620344,
  "44.5": 18.23986581865699,
  "45.0": 18.54012313808944,
  "45.5": 18.84575653993367,
  "46.0": 19.15669291132057,
  "46.5": 19.472856553674593,
  "47.0": 19.794169319181094,
  "47.5": 20.120550749733376,
  "48.0": 20.451918218416562,
  "48.5": 20.78818707346904,
  "49.0": 21.129270784497212,
  "49.5": 21.475081090606267,
  "50.0": 21.825528149987765,
  "50.5": 22.180520690387258,
  "51.0": 22.539966159789852,
  "51.5": 22.903770876561307,
  "52.0": 23.27184017825463,
  "52.5": 23.644078568217605,
  "53.0": 24.020389859155237,
  "53.5": 24.400677312757686,
  "54.0": 24.784843774605918,
  "54.5": 25.172791803544772,
  "55.0": 25.564423794846,
  "55.5": 25.95964209656026,
  "56.0": 26.35834911857713,
  "56.5": 26.760447434063007,
  "57.0": 27.165839873084295,
  "57.5": 27.57442960841061,
  "58.0": 27.98612023365408,
  "58.5": 28.400815834089208,
  "59.0": 28.81842105067793,
  "59.5": 29.238841138011242,
  "60.0": 29.661982017037598,
  "60.5": 30.08775032363326,
  "61.0": 30.516053454183773,
  "61.5": 30.946799609503977,
  "62.0": 31.37989783849972,
  "62.5": 31.815258083076326,
  "63.0": 32.25279122582545,
  "63.5": 32.69240914206538,
  "64.0": 33.13402475776836,
  "64.5": 33.57755211490954,
  "65.0": 34.02290644564069,
  "65.5": 34.47000425665056,
  "66.0": 34.91876342488352,
  "66.5": 35.36910330567432,
  "67.0": 35.82094485414248,
  "67.5": 36.27421076052356,
  "68.0": 36.728825599839546,
  "68.5": 37.184715996152256,
  "69.0": 37.641810801342224,
  "69.5": 38.100041288155026,
  "70.0": 38.55934135699616,
  "70.5": 39.019647755729046,
  "71.0": 39.48090031150551,
  "71.5": 39.943042173435934,
  "72.0": 40.40602006473035,
  "72.5": 40.8697845427519,
  "73.0": 41.33429026527547,
  "73.5": 41.79949626112621,
  "74.0": 42.265366203257415,
  "74.5": 42.63564928389055,
  "75.0": 42.91325632629327,
  "75.5": 43.19444524724439,
  "76.0": 43.47928532812083,
  "76.5": 43.76726832456131,
  "77.0": 44.05962422816721,
  "77.5": 44.35585866674199,
  "78.0": 44.65605368656789,
  "78.5": 44.96029432644487,
  "79.0": 21.254264972246805,
  "79.5": 21.312306109015584,
  "80.0": 21.370451896039803,
  "80.5": 21.428717481100133,
  "81.0": 21.487117771650833,
  "81.5": 21.545667408727386,
  "82.0": 21.604380747746788,
  "82.5": 21.66327184508277,
  "83.0": 21.722354449466316,
  "83.5": 21.78164199740377,
  "84.0": 21.841147611926818,
  "84.5": 21.900884104090476,
  "85.0": 21.960863976724582,
  "85.5": 22.021099430018374,
  "86.0": 22.081602368581677,
  "86.5": 22.14238440968141,
  "87.0": 22.203456892397895,
  "87.5": 22.264830887486006,
  "88.0": 22.326517207759778,
  "88.5": 22.38852641884812,
  "89.0": 22.45086885019443,
  "89.5": 22.51355460619369,
  "90.0": 22.576593577379047,
  "90.5": 22.639995451585133,
  "91.0": 22.703769725028668,
  "91.5": 22.76792571325797,
  "92.0": 22.832472561932764,
  "92.5": 22.897419257403573,
  "93.0": 22.962774637067024,
  "93.5": 23.02854739947922,
  "94.0": 23.094746114214157,
  "94.5": 8.56398734472649,
  "95.0": 8.554364728854999,
  "95.5": 8.544898883726512,
  "96.0": 8.53558248148266,
  "96.5": 8.52640869170757,
  "97.0": 8.517371144749138,
  "97.5": 8.508463897937036,
  "98.0": 8.499681404451577,
  "98.5": 8.491018484619762,
  "99.0": 8.482470299436066,
  "99.5": 8.474032326122346,
  "100.0": 8.46570033555977,
  "100.5": 8.45747037143809,
  "101.0": 8.4493387309839,
  "101.5": 8.441301947139287,
  "102.0": 8.433356772075157,
  "102.5": 8.425500161931847,
  "103.0": 8.417729262690845,
  "103.5": 8.410041397087516,
  "104.0": 8.402434052483741,
  "104.5": 8.394904869625606,
  "105.0": 8.38745163221759,
  "105.5": 8.38007225725049,
  "106.0": 8.372764786025087,
  "106.5": 8.365527375818719,
  "107.0": 8.358358292146285,
  "107.5": 8.351255901570134,
  "108.0": 8.344218665018545,
  "108.5": 8.337245131574198,
  "109.0": 8.330333932698013,
  "109.5": 8.323483776856024,
  "110.0": 8.316693444519647,
  "110.5": 8.30996178351212,
  "111.0": 8.303287704675867,
  "111.5": 8.296670177836956,
  "112.0": 8.290108228046044,
  "112.5": 8.283600932075231,
  "113.0": 8.277147415152754,
  "113.5": 8.270746847918447,
  "114.0": 8.264398443584223,
  "114.5": 8.25810145528535,
  "115.0": 8.251855173608568,
  "115.5": 8.24565892428514,
  "116.0": 8.239512066036774,
  "116.5": 8.233413988564154,
  "117.0": 8.227364110668164,
  "117.5": 8.221361878494182,
  "118.0": 8.215406763891512,
  "118.5": 8.209498262879503,
  "119.0": 8.203635894213766,
  "119.5": 8.19781919804473,
  "120.0": 8.192047734662928,
  "120.5": 8.1863210833251,
  "121.0": 8.180638841155249,
  "121.5": 8.17500062211606,
  "122.0": 8.169406056045503,
  "122.5": 8.163854787754834,
  "123.0": 8.158346476183247,
  "123.5": 8.152880793606027,
  "124.0": 8.147457424892059,
  "124.5": 8.142076066808091,
  "125.0": 8.136736427366182,
  "125.5": 8.131438225211408,
  "126.0": 8.126181189048028,
  "126.5": 8.120965057100332,
  "127.0": 8.11578957660716,
  "127.5": 8.110654503346957,
  "128.0": 8.105559601192175,
  "128.5": 8.100504641690208,
  "129.0": 8.095489403670282,
  "129.5": 8.090513672873561,
  "130.0": 8.08557724160599,
  "130.5": 8.080679908411287,
  "131.0": 8.075821477764004,
  "131.5": 8.071001759780502,
  "132.0": 8.06622056994722,
  "132.5": 8.06147772886464,
  "133.0": 8.056773062006942,
  "133.5": 8.052106399494917,
  "134.0": 8.047477575882713,
  "134.5": 8.042886429956669,
  "135.0": 8.038332804545927,
  "135.5": 8.033816546343784,