{
  "0": 90.0,
  "0.5": 90.0,
  "1.0": 90.0,
  "1.5": 90.0,
  "2.0": 90.0,
  "2.5": 90.0,
  "3.0": 90.0,
  "3.5": 90.0,
  "4.0": 90.0,
  "4.5": 90.0,
  "5.0": 90.0,
  "5.5": 90.0,
  "6.0": 90.0,
  "6.5": 90.0,
  "7.0": 90.0,
  "7.5": 90.0,
  "8.0": 90.0,
  "8.5": 90.0,
  "9.0": 90.0,
  "9.5": 90.0,
  "10.0": 90.0,
  "10.5": 90.0,
  "11.0": 90.0,
  "11.5": 90.0,
  "12.0": 90.0,
  "12.5": 90.0,
  "13.0": 90.0,
  "13.5": 90.0,
  "14.0": 90.0,
  "14.5": 90.0,
  "15.0": 90.0,
  "15.5": 90.0,
  "16.0": 90.0,
  "16.5": 90.0,
  "17.0": 90.0,
  "17.5": 90.0,
  "18.0": 90.0,
  "18.5": 90.0,
  "19.0": 90.0,
  "19.5": 90.0,
  "20.0": 90.0,
  "20.5": 90.0,
  "21.0": 90.0,
  "21.5": 90.0,
  "22.0": 90.0,
  "22.5": 90.0,
  "23.0": 90.0,
  "23.5": 90.0,
  "24.0": 90.0,
  "24.5": 90.0,
  "25.0": 90.0,
  "25.5": 89.63807351257563,
  "26.0": 89.2118249100235,
  "26.5": 88.77621213642804,
  "27.0": 88.33116841305805,
  "27.5": 87.87662546946281,
  "28.0": 87.41251357897238,
  "28.5": 86.9387616025284,
  "29.0": 86.45529704098037,
  "29.5": 85.9620460959947,
  "30.0": 85.45893373968929,
  "30.5": 84.94588379317771,
  "31.0": 84.42281901410895,
  "31.5": 83.88966119335785,
  "32.0": 83.34633126095812,
  "32.5": 82.79274940150172,
  "33.0": 82.22883517898069,
  "33.5": 81.65450767133177,
  "34.0": 81.06968561469301,
  "34.5": 80.47428755756263,
  "35.0": 79.86823202489784,
  "35.5": 79.25143769229949,
  "36.0": 78.6238235703107,
  "36.5": 77.9853091989803,
  "37.0": 77.33581485268952,
  "37.5": 76.67526175528181,
  "38.0": 76.00357230560103,
  "38.5": 75.32067031336643,
  "39.0": 74.62508150872154,
  "39.5": 73.91950995479873,
  "40.0": 73.20250812811983,
  "40.5": 72.47400805232452,
  "41.0": 71.73394449610686,
  "41.5": 70.98225527014412,
  "42.0": 70.21888153370787,
  "42.5": 69.44376811071822,
  "43.0": 68.65686381500873,
  "43.5": 67.85812178438994,
  "44.0": 67.04749982324363,
  "44.5": 66.22496075318986,
  "45.0": 65.39047277136527,
  "45.5": 64.5440098157573,
  "46.0": 63.68555193708288,
  "46.5": 62.81508567655931,
  "47.0": 61.93260444886166,
  "47.5": 61.03810892954979,
  "48.0": 60.1316074461855,
  "48.5": 59.21311637223672,
  "49.0": 58.282660522901736,
  "49.5": 57.34027355187758,
  "50.0": 56.385998348044495,
  "50.5": 55.419887431007915,
  "51.0": 54.442003344355896,
  "51.5": 53.45241904551239,
  "52.0": 52.4512182909138,
  "52.5": 51.43849601531424,
  "53.0": 50.41435870386691,
  "53.5": 49.37892475577098,
  "54.0": 48.332324837996495,
  "54.5": 47.27470222784835,
  "55.0": 46.20621314292026,
  "55.5": 45.12702705706415,
  "56.0": 44.0373270009992,
  "56.5": 42.93730984614748,
  "57.0": 41.82718657035784,
  "57.5": 40.70718250412603,
  "58.0": 39.5775375560026,
  "58.5": 38.43850641588992,
  "59.0": 37.29035873498538,
  "59.5": 36.13337928115011,
  "60.0": 34.96786806859684,
  "60.5": 33.79414046076063,
  "61.0": 32.6125272454173,
  "61.5": 31.4233746810648,
  "62.0": 30.227044513784378,
  "62.5": 29.023913963792836,
  "63.0": 27.814375681095306,
  "63.5": 26.598837669653093,
  "64.0": 25.37772317972869,
  "64.5": 24.151470567990373,
  "65.0": 22.920533125343724,
  "65.5": 21.685378872297335,
  "66.0": 20.446490322066026,
  "66.5": 19.204364211539144,
  "67.0": 17.959511200526975,
  "67.5": 16.712455539664447,
  "68.0": 15.46373470775724,
  "68.5": 14.21389901914597,
  "69.0": 12.963511202101898,
  "69.5": 11.713145949197923,
  "70.0": 10.463389440826177,
  "70.5": 9.21483884311364,
  "71.0": 7.968101781602286,
  "71.5": 6.723795792221253,
  "72.0": 5.482547751086912,
  "72.5": 4.244993284834223,
  "73.0": 3.011776163257352,
  "73.5": 1.7835476760611044,
  "74.0": 0.560965995677023,
  "74.5": -0.04564930671381262,
  "75.0": -0.04564930671381262,
  "75.5": -0.04564930671381262,
  "76.0": -0.04564930671381262,
  "76.5": -0.04564930671381262,
  "77.0": -0.04564930671381262,
  "77.5": -0.04564930671381262,
  "78.0": -0.04564930671381262,
  "78.5": -0.04564930671381262,
  "79.0": -0.04564930671381262,
  "79.5": -0.04564930671381262,
  "80.0": -0.04564930671381262,
  "80.5": -0.04564930671381262,
  "81.0": -0.04564930671381262,
  "81.5": -0.04564930671381262,
  "82.0": -0.04564930671381262,
  "82.5": -0.04564930671381262,
  "83.0": -0.04564930671381262,
  "83.5": -0.04564930671381262,
  "84.0": -0.04564930671381262,
  "84.5": -0.04564930671381262,
  "85.0": -0.04564930671381262,
  "85.5": -0.04564930671381262,
  "86.0": -0.04564930671381262,
  "86.5": -0.04564930671381262,
  "87.0": -0.04564930671381262,
  "87.5": -0.04564930671381262,
  "88.0": -0.04564930671381262,
  "88.5": -0.04564930671381262,
  "89.0": -0.04564930671381262,
  "89.5": -0.04564930671381262,
  "90.0": -0.04564930671381262,
  "90.5": -0.04564930671381262,
  "91.0": -0.04564930671381262,
  "91.5": -0.04564930671381262,
  "92.0": -0.04564930671381262,
  "92.5": -0.04564930671381262,
  "93.0": -0.04564930671381262,
  "93.5": -0.04564930671381262,
  "94.0": -0.04564930671381262
}