{
  "0": 0.0,
  "0.5": 1.101715330267325,
  "1.0": 4.412566151237115,
  "1.5": 9.960711389430799,
  "2.0": 17.738488036207855,
  "2.5": 27.76880726008676,
  "3.0": 40.06533695058897,
  "3.5": 54.6413459610194,
  "4.0": 71.50970533525106,
  "4.5": 90.6828917801613,
  "5.0": 112.12769306311384,
  "5.5": 135.9417486509774,
  "6.0": 162.09574169816915,
  "6.5": 190.60065211099572,
  "7.0": 221.46711646660697,
  "7.5": 254.70544475724455,
  "8.0": 290.32563917269,
  "8.5": 328.33741483616177,
  "9.0": 368.7502224246273,
  "9.5": 411.5732725436101,
  "10.0": 456.90847634663805,
  "10.5": 504.58367962914053,
  "11.0": 554.69560197799,
  "11.5": 607.2527686321409,
  "12.0": 662.2636091161985,
  "12.5": 719.736489664414,
  "13.0": 779.6797465094132,
  "13.5": 842.1017199093476,
  "14.0": 907.0107887597987,
  "14.5": 974.4154056616826,
  "15.0": 1044.324132304755,
  "15.5": 1116.7456750365673,
  "16.0": 1191.6889205033658,
  "16.5": 1269.1629712223075,
  "17.0": 1349.1771809795173,
  "17.5": 1431.7411899572471,
  "18.0": 1516.8649594621966,
  "18.5": 1604.5588061856106,
  "19.0": 1694.6503036858048,
  "19.5": 1787.5116490204819,
  "20.0": 1882.9764638845809,
  "20.5": 1981.0568155696383,
  "21.0": 2081.765287977876,
  "21.5": 2185.115011434653,
  "22.0": 2291.119691560394,
  "22.5": 2399.7936371637043,
  "23.0": 2511.1517871392425,
  "23.5": 2625.2097363241483,
  "24.0": 2741.9837603141787,
  "24.5": 2861.4908392098732,
  "25.0": 2983.7486802889034,
  "25.5": 3108.775732214679,
  "26.0": 3236.5910819900455,
  "26.5": 3367.2142985023092,
  "27.0": 3500.66540611838,
  "27.5": 3636.9648764750455,
  "28.0": 3776.133617829648,
  "28.5": 3918.1929619127186,
  "29.0": 4063.164648241247,
  "29.5": 4211.070805850555,
  "30.0": 4361.9339324092725,
  "30.5": 4515.77687066223,
  "31.0": 4672.622782176943,
  "31.5": 4832.4951183450175,
  "32.0": 4995.417588613578,
  "32.5": 5161.414125876618,
  "33.0": 5330.508849035599,
  "33.5": 5502.726022651768,
  "34.0": 5678.09001368389,
  "34.5": 5856.625245259143,
  "35.0": 6038.3561474620365,
  "35.5": 6223.307105098967,
  "36.0": 6411.502402431215,
  "36.5": 6602.966164829209,
  "37.0": 6797.7222973495955,
  "37.5": 6995.794420221937,
  "38.0": 7197.205801216885,
  "38.5": 7401.979284911882,
  "39.0": 7610.556940601324,
  "39.5": 7822.127932206728,
  "40.0": 8037.126308769686,
  "40.5": 8255.572451300337,
  "41.0": 8477.485917535261,
  "41.5": 8702.88535289769,
  "42.0": 8931.78839855513,
  "42.5": 9164.211596645415,
  "43.0": 9400.170292741386,
  "43.5": 9639.678535677958,
  "44.0": 9882.748974819551,
  "44.5": 10129.392754910397,
  "45.0": 10379.61940863973,
  "45.5": 10633.43674709415,
  "46.0": 10890.850748245255,
  "46.5": 11151.865443674498,
  "47.0": 11416.482803739607,
  "47.5": 11684.702621403965,
  "48.0": 11956.522394958301,
  "48.5": 12231.937209909083,
  "49.0": 12510.939620288787,
  "49.5": 12793.519529687124,
  "50.0": 13079.664072305546,
  "50.5": 13369.357494356227,
  "51.0": 13662.58103614545,
  "51.5": 13959.312815181096,
  "52.0": 14259.527710679453,
  "52.5": 14563.197249836754,
  "53.0": 14870.289496265003,
  "53.5": 15180.768940959126,
  "54.0": 15494.596396240056,
  "54.5": 15811.728893044288,
  "55.0": 16132.119581995532,
  "55.5": 16455.717638671398,
  "56.0": 16782.468173475936,
  "56.5": 17112.31214654201,
  "57.0": 17445.18628806644,
  "57.5": 17781.023024493363,
  "58.0": 18119.750410938985,
  "58.5": 18461.292070246767,
  "59.0": 18805.567139046616,
  "59.5": 19152.4902211827,
  "60.0": 19501.97134884284,
  "60.5": 19853.915951729054,
  "61.0": 20208.224834550056,
  "61.5": 20564.794163132552,
  "62.0": 20923.515459382208,
  "62.5": 21284.27560533455,
  "63.0": 21646.95685647172,
  "63.5": 22011.436864478863,
  "64.0": 22377.58870954404,
  "64.5": 22745.280942324083,
  "65.0": 23114.377635589684,
  "65.5": 23484.73844560259,
  "66.0": 23856.218683169107,
  "66.5": 24228.66939432698,
  "67.0": 24601.93745054514,
  "67.5": 24975.865648320527,
  "68.0": 25350.292817937094,
  "68.5": 25725.053941214923,
  "69.0": 26099.980277944123,
  "69.5": 26474.89950072195,
  "70.0": 26849.635837840266,
  "70.5": 27224.010223850026,
  "71.0": 27597.840457391227,
  "71.5": 27970.94136583025,
  "72.0": 28343.124976246385,
  "72.5": 28714.20069225272,
  "73.0": 29083.97547612246,
  "73.5": 29452.25403567776,
  "74.0": 29818.839015354635,
  "74.5": 30183.5359313332,
  "75.0": 30546.255896950606,
  "75.5": 30907.015630853944,
  "76.0": 31265.83648327773,
  "76.5": 31622.028043054743,
  "77.0": 31977.03956513072,
  "77.5": 32330.177196426666,
  "78.0": 32681.463027494843,
  "78.5": 33030.91939459427,
  "79.0": 33378.56873002567,
  "79.5": 33724.42901591514,
  "80.0": 34068.51310048788,
  "80.5": 34410.83346589364,
  "81.0": 34751.40250038856,
  "81.5": 35090.232510835514,
  "82.0": 35427.33573433466,
  "82.5": 35762.724349031574,
  "83.0": 36096.410484194406,
  "83.5": 36428.40622959391,
  "84.0": 36758.72364427487,
  "84.5": 37087.3747647315,
  "85.0": 37414.37161256152,
  "85.5": 37739.72620163683,
  "86.0": 38063.45054481109,
  "86.5": 38385.55666023551,
  "87.0": 38706.056577273645,
  "87.5": 39024.962342076935,
  "88.0": 39342.28602283809,
  "88.5": 39658.03971474606,
  "89.0": 39972.23554466688,
  "89.5": 40284.8856755686,
  "90.0": 40596.00231072097,
  "90.5": 40905.59769768058,
  "91.0": 41213.684132074006,
  "91.5": 41520.273961197585,
  "92.0": 41825.37958746392,
  "92.5": 42129.013471672195,
  "93.0": 42431.18813615234,
  "93.5": 42731.91616777959,
  "94.0": 43031.21022085252,
  "94.5": 43329.08301475167,
  "95.0": 43625.544534455286,
  "95.5": 43920.59734838526,
  "96.0": 44214.24277943256,
  "96.5": 44506.48212230753,
  "97.0": 44797.31664502807,
  "97.5": 45086.74759030831,
  "98.0": 45374.77617685136,
  "98.5": 45661.40360056609,
  "99.0": 45946.63103568845,
  "99.5": 46230.459635845036,
  "100.0": 46512.890535026556,
  "100.5": 46793.92484852346,
  "101.0": 47073.563673778204,
  "101.5": 47351.80809119658,
  "102.0": 47628.65916489379,
  "102.5": 47904.11794341076,
  "103.0": 48178.18546036561,
  "103.5": 48450.8627350732,
  "104.0": 48722.150773126166,
  "104.5": 48992.05056693568,
  "105.0": 49260.56309624133,
  "105.5": 49527.689328583074,
  "106.0": 49793.43021975097,
  "106.5": 50057.7867142061,
  "107.0": 50320.75974546594,
  "107.5": 50582.3502364821,
  "108.0": 50842.55909998133,
  "108.5": 51101.38723879156,
  "109.0": 51358.83554614673,
  "109.5": 51614.904905974516,
  "110.0": 51869.59619316773,
  "110.5": 52122.910273837275,
  "111.0": 52374.84800554393,
  "111.5": 52625.41023753467,
  "112.0": 52874.59781094699,
  "112.5": 53122.41155900911,
  "113.0": 53368.852307226625,
  "113.5": 53613.92087356071,
  "114.0": 53857.618068596465,
  "114.5": 54099.944695696,
  "115.0": 54340.901551149786,
  "115.5": 54580.48942431365,
  "116.0": 54818.70909774501,
  "116.5": 55055.56134732743,
  "117.0": 55291.04694238305,
  "117.5": 55525.16664579068,
  "118.0": 55757.921214086586,
  "118.5": 55989.311397571,
  "119.0": 56219.337940392434,
  "119.5": 56448.001580645214,
  "120.0": 56675.303050455404,
  "120.5": 56901.243076054845,
  "121.0": 57125.82237786357,
  "121.5": 57349.04167055688,
  "122.0": 57570.90166314051,
  "122.5": 57791.40305900958,
  "123.0": 58010.546556015965,
  "123.5": 58228.33284652268,
  "124.0": 58444.762617466506,
  "124.5": 58659.83655040595,
  "125.0": 58873.55532157142,
  "125.5": 59085.91960192402,
  "126.0": 59296.93005718652,
  "126.5": 59506.58734790201,
  "127.0": 59714.89212946675,
  "127.5": 59921.84505217697,
  "128.0": 60127.446761258645,
  "128.5": 60331.69789691747,
  "129.0": 60534.599094362,
  "129.5": 60736.15098384814,
  "130.0": 60936.35419069789,
  "130.5": 61135.20933534531,
  "131.0": 61332.71703335771,
  "131.5": 61528.877895466634,
  "132.0": 61723.69252759358,
  "132.5": 61917.16153088538,
  "133.0": 62109.28550172213,
  "133.5": 62300.06503175956,
  "134.0": 62489.500707942294,
  "134.5": 62677.593112530885,
  "135.0": 62864.34282312123,