{
  "0": 91800.0,
  "0.5": 91495.3125,
  "1.0": 91190.625,
  "1.5": 90885.328125,
  "2.0": 90580.640625,
  "2.5": 90275.953125,
  "3.0": 89971.265625,
  "3.5": 89666.578125,
  "4.0": 89361.890625,
  "4.5": 89057.203125,
  "5.0": 88753.125,
  "5.5": 88448.4375,
  "6.0": 88143.75,
  "6.5": 87839.0625,
  "7.0": 87534.375,
  "7.5": 87229.6875,
  "8.0": 86925.0,
  "8.5": 86620.3125,
  "9.0": 86315.625,
  "9.5": 86010.9375,
  "10.0": 85705.640625,
  "10.5": 85400.953125,
  "11.0": 85096.265625,
  "11.5": 84791.578125,
  "12.0": 84486.890625,
  "12.5": 84182.203125,
  "13.0": 83877.515625,
  "13.5": 83572.828125,
  "14.0": 83268.140625,
  "14.5": 82963.453125,
  "15.0": 82658.765625,
  "15.5": 82354.078125,
  "16.0": 82049.390625,
  "16.5": 81744.703125,
  "17.0": 81440.015625,
  "17.5": 81135.328125,
  "18.0": 80830.640625,
  "18.5": 80525.953125,
  "19.0": 80221.875,
  "19.5": 79917.1875,
  "20.0": 79612.5,
  "20.5": 79307.8125,
  "21.0": 79003.125,
  "21.5": 78698.4375,
  "22.0": 78393.75,
  "22.5": 78089.0625,
  "23.0": 77784.375,
  "23.5": 77479.6875,
  "24.0": 77175.0,
  "24.5": 76870.3125,
  "25.0": 76565.625,
  "25.5": 76260.9375,
  "26.0": 75956.25,
  "26.5": 75651.5625,
  "27.0": 75346.875,
  "27.5": 75042.1875,
  "28.0": 74737.5,
  "28.5": 74432.8125,
  "29.0": 74128.125,
  "29.5": 73823.4375,
  "30.0": 73518.75,
  "30.5": 73214.0625,
  "31.0": 72909.375,
  "31.5": 72604.6875,
  "32.0": 72300.0,
  "32.5": 71995.3125,
  "33.0": 71690.625,
  "33.5": 71385.9375,
  "34.0": 71081.25,
  "34.5": 70776.5625,
  "35.0": 70471.875,
  "35.5": 70167.1875,
  "36.0": 69862.5,
  "36.5": 69557.8125,
  "37.0": 69253.125,
  "37.5": 68948.4375,
  "38.0": 68643.75,
  "38.5": 68339.0625,
  "39.0": 68033.765625,
  "39.5": 67729.078125,
  "40.0": 67424.390625,
  "40.5": 67119.703125,
  "41.0": 66815.015625,
  "41.5": 66510.328125,
  "42.0": 66205.640625,
  "42.5": 65900.953125,
  "43.0": 65596.265625,
  "43.5": 65291.578125,
  "44.0": 64986.890625,
  "44.5": 64682.203125,
  "45.0": 64377.515625,
  "45.5": 64072.828125,
  "46.0": 63768.140625,
  "46.5": 63463.453125,
  "47.0": 63158.765625,
  "47.5": 62854.078125,
  "48.0": 62549.390625,
  "48.5": 62244.703125,
  "49.0": 61940.015625,
  "49.5": 61635.328125,
  "50.0": 61330.640625,
  "50.5": 61025.953125,
  "51.0": 60721.265625,
  "51.5": 60416.578125,
  "52.0": 60111.890625,
  "52.5": 59807.203125,
  "53.0": 59502.515625,
  "53.5": 59197.828125,
  "54.0": 58893.140625,
  "54.5": 58588.453125,
  "55.0": 58283.765625,
  "55.5": 57979.078125,
  "56.0": 57674.390625,
  "56.5": 57369.703125,
  "57.0": 57065.015625,
  "57.5": 56760.328125,
  "58.0": 56455.640625,
  "58.5": 56150.953125,
  "59.0": 55846.265625,
  "59.5": 55541.578125,
  "60.0": 55236.890625,
  "60.5": 54932.203125,
  "61.0": 54627.515625,
  "61.5": 54322.828125,
  "62.0": 54018.140625,
  "62.5": 53713.453125,
  "63.0": 53408.765625,
  "63.5": 53104.078125,
  "64.0": 52799.390625,
  "64.5": 52494.703125,
  "65.0": 52190.015625,
  "65.5": 51885.328125,
  "66.0": 51580.640625,
  "66.5": 51275.953125,
  "67.0": 50971.265625,
  "67.5": 50666.578125,
  "68.0": 50361.890625,
  "68.5": 50057.203125,
  "69.0": 49752.515625,
  "69.5": 49447.828125,
  "70.0": 49143.140625,
  "70.5": 48838.453125,
  "71.0": 48533.765625,
  "71.5": 48229.078125,
  "72.0": 47924.390625,
  "72.5": 47619.703125,
  "73.0": 47315.015625,
  "73.5": 47010.328125,
  "74.0": 46705.640625,
  "74.5": 46400.953125,
  "75.0": 46096.265625,
  "75.5": 45791.578125,
  "76.0": 45486.890625,
  "76.5": 45182.8125,
  "77.0": 44878.125,
  "77.5": 44573.4375,
  "78.0": 44268.75,
  "78.5": 43964.0625,
  "79.0": 33252.875,
  "79.5": 33151.3125,
  "80.0": 33049.75,
  "80.5": 32948.1875,
  "81.0": 32846.625,
  "81.5": 32745.0625,
  "82.0": 32643.5,
  "82.5": 32541.9375,
  "83.0": 32440.375,
  "83.5": 32338.8125,
  "84.0": 32237.25,
  "84.5": 32135.6875,
  "85.0": 32034.125,
  "85.5": 31932.5625,
  "86.0": 31831.0,
  "86.5": 31729.4375,
  "87.0": 31627.875,
  "87.5": 31526.3125,
  "88.0": 31424.75,
  "88.5": 31323.1875,
  "89.0": 31221.625,
  "89.5": 31120.0625,
  "90.0": 31018.5,
  "90.5": 30916.9375,
  "91.0": 30815.375,
  "91.5": 30713.8125,
  "92.0": 30612.25,
  "92.5": 30510.6875,
  "93.0": 30409.125,
  "93.5": 30307.5625,
  "94.0": 30206.0,
  "94.5": 30118.453125,
  "95.0": 30118.453125,
  "95.5": 30118.453125,
  "96.0": 30118.453125,
  "96.5": 30118.453125,
  "97.0": 30118.453125,
  "97.5": 30118.453125,
  "98.0": 30118.453125,
  "98.5": 30118.453125,
  "99.0": 30118.453125,
  "99.5": 30118.453125,
  "100.0": 30118.453125,
  "100.5": 30118.453125,
  "101.0": 30118.453125,
  "101.5": 30118.453125,
  "102.0": 30118.453125,
  "102.5": 30118.453125,
  "103.0": 30118.453125,
  "103.5": 30118.453125,
  "104.0": 30118.453125,
  "104.5": 30118.453125,
  "105.0": 30118.453125,
  "105.5": 30118.453125,
  "106.0": 30118.453125,
  "106.5": 30118.453125,
  "107.0": 30118.453125,
  "107.5": 30118.453125,
  "108.0": 30118.453125,
  "108.5": 30118.453125,
  "109.0": 30118.453125,
  "109.5": 30118.453125,
  "110.0": 30118.453125,
  "110.5": 30118.453125,
  "111.0": 30118.453125,
  "111.5": 30118.453125,
  "112.0": 30118.453125,
  "112.5": 30118.453125,
  "113.0": 30118.453125,
  "113.5": 30118.453125,
  "114.0": 30118.453125,
  "114.5": 30118.453125,
  "115.0": 30118.453125,
  "115.5": 30118.453125,
  "116.0": 30118.453125,
  "116.5": 30118.453125,
  "117.0": 30118.453125,
  "117.5": 30118.453125,
  "118.0": 30118.453125,
  "118.5": 30118.453125,
  "119.0": 30118.453125,
  "119.5": 30118.453125,
  "120.0": 30118.453125,
  "120.5": 30118.453125,
  "121.0": 30118.453125,
  "121.5": 30118.453125,
  "122.0": 30118.453125,
  "122.5": 30118.453125,
  "123.0": 30118.453125,
  "123.5": 30118.453125,
  "124.0": 30118.453125,
  "124.5": 30118.453125,
  "125.0": 30118.453125,
  "125.5": 30118.453125,
  "126.0": 30118.453125,
  "126.5": 30118.453125,
  "127.0": 30118.453125,
  "127.5": 30118.453125,
  "128.0": 30118.453125,
  "128.5": 30118.453125,
  "129.0": 30118.453125,
  "129.5": 30118.453125,
  "130.0": 30118.453125,
  "130.5": 30118.453125,
  "131.0": 30118.453125,
  "131.5": 30118.453125,
  "132.0": 30118.453125,
  "132.5": 30118.453125,
  "133.0": 30118.453125,
  "133.5": 30118.453125,
  "134.0": 30118.453125,
  "134.5": 30118.453125,
  "135.0": 30118.453125,
  "135.5": 30118.453125,
  "136.0": 30118.453125,
  "136.5": 30118.453125,
  "137.0": 30118.453125,
  "137.5": 30118.453125,
  "138.0": 30118.453125,
  "138.5": 30118.453125,
  "139.0": 30118.453125,
  "139.5": 30118.453125,
  "140.0": 30118.453125,
  "140.5": 30118.453125,
  "141.0": 30118.453125,
  "141.5": 30118.453125,
  "142.0": 30118.453125,
  "142.5": 30118.453125,
  "143.0": 30118.453125,
  "143.5": 30118.453125,
  "144.0": 30118.453125,
  "144.5": 30118.453125,
  "145.0": 30118.453125,
  "145.5": 30118.453125,
  "146.0": 30118.453125,
  "146.5": 30118.453125,
  "147.0": 30118.453125,
  "147.5": 30118.453125,
  "148.0": 30118.453125,
  "148.5": 30118.453125,
  "149.0": 30118.453125,
  "149.5": 30118.453125,
  "150.0": 30118.453125,
  "150.5": 30118.453125,
  "151.0": 30118.453125,
  "151.5": 30118.453125,
  "152.0": 30118.453125,
  "152.5": 30118.453125,
  "153.0": 30118.453125,
  "153.5": 30118.453125,
  "154.0": 30118.453125,
  "154.5": 30118.453125,
  "155.0": 30118.453125,
  "155.5": 30118.453125,
  "156.0": 30118.453125,
  "156.5": 30118.453125,
  "157.0": 30118.453125,
  "157.5": 30118.453125,
  "158.0": 30118.453125,
  "158.5": 30118.453125,
  "159.0": 30118.453125,
  "159.5": 30118.453125,
  "160.0": 30118.453125,
  "160.5": 30118.453125,
  "161.0": 30118.453125,
  "161.5": 30118.453125,
  "162.0": 30118.453125,
  "162.5": 30118.453125,
  "163.0": 30118.453125,
  "163.5": 30118.453125,
  "164.0": 30118.453125,
  "164.5": 30118.453125,
  "165.0": 30118.453125,
  "165.5": 30118.453125,
  "166.0": 30118.453125,
  "166.5": 30118.453125,
  "167.0": 30118.453125,
  "167.5": 30118.453125,
  "168.0": 30118.453125,
  "168.5": 30118.453125,
  "169.0": 30118.453125,