{
  "0": 0.0,
  "0.5": 4.403133223573091,
  "1.0": 8.836354332076032,
  "1.5": 13.307844903289244,
  "2.0": 17.79896829737165,
  "2.5": 22.317826995255967,
  "3.0": 26.86362319919473,
  "3.5": 31.435559317130487,
  "4.0": 36.03284243918691,
  "4.5": 40.65468885425166,
  "5.0": 45.29101405594431,
  "5.5": 49.959649994101376,
  "6.0": 54.650599881549695,
  "6.5": 59.363161707805524,
  "7.0": 64.09666483660025,
  "7.5": 68.8504741689186,
  "8.0": 73.62399415453227,
  "8.5": 78.41667262915806,
  "9.0": 83.2280044562837,
  "9.5": 88.05753495477867,
  "10.0": 92.91457534516279,
  "10.5": 97.77939130386298,
  "11.0": 102.66137484409998,
  "11.5": 107.56030269210315,
  "12.0": 112.47601546062795,
  "12.5": 117.40841952636123,
  "13.0": 122.357488627929,
  "13.5": 127.32326518488054,
  "14.0": 132.3058613402325,
  "14.5": 137.30545973121357,
  "15.0": 142.32231399476316,
  "15.5": 147.3567490160472,
  "16.0": 152.4091609298054,
  "16.5": 157.48001688566163,
  "17.0": 162.56985458967793,
  "17.5": 167.67928163534717,
  "18.0": 172.8089746379418,
  "18.5": 177.95967818666955,
  "19.0": 183.12183622827044,
  "19.5": 188.31701398881367,
  "20.0": 193.5358290625307,
  "20.5": 198.77928420829,
  "21.0": 204.0484427092398,
  "21.5": 209.34442654186935,
  "22.0": 214.66841446399312,
  "22.5": 220.021640034415,
  "23.0": 225.40538957632322,
  "23.5": 230.82100009564485,
  "24.0": 236.26985716477444,
  "24.5": 241.75339278119637,
  "25.0": 247.27308320963317,
  "25.5": 252.83038088706226,
  "26.0": 258.4263955496781,
  "26.5": 264.0621635695567,
  "27.0": 269.738792612692,
  "27.5": 275.45745630146183,
  "28.0": 281.21938888436864,
  "28.5": 287.0258801234541,
  "29.0": 292.87827037726447,
  "29.5": 298.77794585964494,
  "30.0": 304.72633405689544,
  "30.5": 310.7248992877119,
  "31.0": 316.7751383919918,
  "31.5": 322.87857653598945,
  "32.0": 329.036763122537,
  "32.5": 335.2512677961566,
  "33.0": 341.5236765338846,
  "33.5": 347.85558781352745,
  "34.0": 354.2486088519389,
  "34.5": 360.70435190671805,
  "35.0": 367.22443063550367,
  "35.5": 373.8104565078299,
  "36.0": 380.46403526525353,
  "36.5": 387.1867634262547,
  "37.0": 393.980224833154,
  "37.5": 400.84598723910443,
  "38.0": 407.7855989339723,
  "38.5": 414.8005854087622,
  "39.0": 421.9067077964319,
  "39.5": 429.0770708060712,
  "40.0": 436.3272183530771,
  "40.5": 443.65855210632196,
  "41.0": 451.0724348743739,
  "41.5": 458.5701875396102,
  "42.0": 466.1530860513722,
  "42.5": 473.822358484365,
  "43.0": 481.57918216925856,
  "43.5": 489.42468090319056,
  "44.0": 497.35992224857085,
  "44.5": 505.3859149292461,
  "45.0": 513.5036063336764,
  "45.5": 521.7138801353284,
  "46.0": 530.0175540409632,
  "46.5": 538.4153776779068,
  "47.0": 546.9080306317092,
  "47.5": 555.4961206458531,
  "48.0": 564.1801819953338,
  "48.5": 572.9606740459527,
  "49.0": 581.8379800112142,
  "49.5": 590.8124059185086,
  "50.0": 599.8841797960869,
  "50.5": 609.053451091986,
  "51.0": 618.3202903356586,
  "51.5": 627.6846890525296,
  "52.0": 637.1465599411221,
  "52.5": 646.7057373216745,
  "53.0": 656.3619778644447,
  "53.5": 666.1149616050147,
  "54.0": 675.9642932530331,
  "54.5": 685.9095037998634,
  "55.0": 695.9500524296128,
  "55.5": 706.085328736943,
  "56.0": 716.3146552540431,
  "56.5": 726.6372902880197,
  "57.0": 737.0524310688844,
  "57.5": 747.5592172072477,
  "58.0": 758.156734459717,
  "58.5": 768.8440187989858,
  "59.0": 779.620060784547,
  "59.5": 790.4838102289891,
  "60.0": 801.4341811538828,
  "60.5": 812.4700570283801,
  "61.0": 823.5902962827823,
  "61.5": 834.7937380885384,
  "62.0": 846.0792083954254,
  "62.5": 857.4455262159158,
  "63.0": 868.8915101461691,
  "63.5": 880.4159851124441,
  "64.0": 892.0177893312417,
  "64.5": 903.6957814709777,
  "65.0": 915.4488480025243,
  "65.5": 927.2759107256107,
  "66.0": 939.1759344576363,
  "66.5": 951.147934871155,
  "67.0": 963.1909864659757,
  "67.5": 975.304230661502,
  "68.0": 987.4868839947362,
  "68.5": 999.738246409048,
  "69.0": 1012.057709618645,
  "69.5": 1024.444765533446,
  "70.0": 1036.89901472887,
  "70.5": 1049.4201749448534,
  "71.0": 1062.0080895982942,
  "71.5": 1074.6627362929344,
  "72.0": 1087.3842353105965,
  "72.5": 1100.172858067574,
  "73.0": 1113.0290355199043,
  "73.5": 1125.9533665012189,
  "74.0": 1138.94662597677,
  "74.5": 1152.0454292411432,
  "75.0": 1165.4603889002035,
  "75.5": 1179.2225755686052,
  "76.0": 1193.3281244793684,
  "76.5": 1207.744061233563,
  "77.0": 1222.5245481188479,
  "77.5": 1237.6375420745599,
  "78.0": 1253.079688769339,
  "78.5": 1268.8477767767592,
  "79.0": 1280.0498078551645,
  "79.5": 1285.7577488183733,
  "80.0": 1291.5569027828028,
  "80.5": 1297.4463347742342,
  "81.0": 1303.4251429790258,
  "81.5": 1309.4924568364286,
  "82.0": 1315.647435296855,
  "82.5": 1321.8892652310487,
  "83.0": 1328.2171599764802,
  "83.5": 1334.6303580086142,
  "84.0": 1341.1281217257604,
  "84.5": 1347.7097363373484,
  "85.0": 1354.3745088462995,
  "85.5": 1361.1217671171491,
  "86.0": 1367.9508590221699,
  "86.5": 1374.8611516586132,
  "87.0": 1381.8520306306493,
  "87.5": 1388.9228993903528,
  "88.0": 1396.0731786323604,
  "88.5": 1403.3023057375444,
  "89.0": 1410.6097342612725,
  "89.5": 1417.9949334623577,
  "90.0": 1425.4573878690628,
  "90.5": 1432.996596878879,
  "91.0": 1440.612074389144,
  "91.5": 1448.3033484557027,
  "92.0": 1456.069960977222,
  "92.5": 1463.9114674028456,
  "93.0": 1471.8274364611777,
  "93.5": 1479.8174499087188,
  "94.0": 1487.881102296057,
  "94.5": 1494.6512775081333,
  "95.0": 1492.921383897196,
  "95.5": 1491.2011258138784,
  "96.0": 1489.4903844593532,
  "96.5": 1487.7890482344333,
  "97.0": 1486.0970122749563,
  "97.5": 1484.414178018934,
  "98.0": 1482.740452803165,
  "98.5": 1481.0757494871943,
  "99.0": 1479.4199861027287,
  "99.5": 1477.7730855266389,
  "100.0": 1476.1349751759449,
  "100.5": 1474.5055867231622,
  "101.0": 1472.8848558306706,
  "101.5": 1471.2727219026872,
  "102.0": 1469.6691278536941,
  "102.5": 1468.0740198921108,
  "103.0": 1466.4873473182136,
  "103.5": 1464.9090623352804,
  "104.0": 1463.3391198730533,
  "104.5": 1461.777477422702,
  "105.0": 1460.2240948824856,
  "105.5": 1458.6789344133688,
  "106.0": 1457.1419603039385,
  "106.5": 1455.6131388439903,
  "107.0": 1454.0924382061903,
  "107.5": 1452.5798283352626,
  "108.0": 1451.0752808442182,
  "108.5": 1449.578768917155,
  "109.0": 1448.0902672181476,
  "109.5": 1446.6097518058896,
  "110.0": 1445.1372000536492,
  "110.5": 1443.6725905742333,
  "111.0": 1442.2159031495817,
  "111.5": 1440.7671186647362,
  "112.0": 1439.326219045875,
  "112.5": 1437.8931872021271,
  "113.0": 1436.4680069709668,
  "113.5": 1435.0506630669265,
  "114.0": 1433.6411410334094,
  "114.5": 1432.2394271974276,
  "115.0": 1430.8455086270492,
  "115.5": 1429.4593730913891,
  "116.0": 1428.0810090230166,
  "116.5": 1426.7104054825563,
  "117.0": 1425.3475521254088,
  "117.5": 1423.9924391704212,
  "118.0": 1422.645057370395,
  "118.5": 1421.3053979843157,
  "119.0": 1419.9734527511857,
  "119.5": 1418.649213865401,
  "120.0": 1417.3326739534969,
  "120.5": 1416.0238260522754,
  "121.0": 1414.722663588127,
  "121.5": 1413.4291803575777,
  "122.0": 1412.1433705088982,
  "122.5": 1410.8652285247474,
  "123.0": 1409.5947492058062,
  "123.5": 1408.3319276552902,
  "124.0": 1407.0767592643456,
  "124.5": 1405.8292396982235,
  "125.0": 1404.5893648832202,
  "125.5": 1403.3571309943327,
  "126.0": 1402.1325344435559,
  "126.5": 1400.915571868838,
  "127.0": 1399.7062401235971,
  "127.5": 1398.5045362668031,
  "128.0": 1397.310457553587,
  "128.5": 1396.124001426327,
  "129.0": 1394.9451655062055,
  "129.5": 1393.7739475851986,
  "130.0": 1392.6103456184737,
  "130.5": 1391.4543577171714,
  "131.0": 1390.3059821415513,
  "131.5": 1389.1652172944791,
  "132.0": 1388.0320617152368,
  "132.5": 1386.9065140736313,
  "133.0": 1385.788573164405,
  "133.5": 1384.6782379018964,
  "134.0": 1383.5755073149637,
  "134.5": 1382.4803805421516,