{
  "0": 0.0,
  "0.5": 8.837682482615213,
  "1.0": 8.900529840636537,
  "1.5": 8.964287322860002,
  "2.0": 9.028708282380263,
  "2.5": 9.093927707611883,
  "3.0": 9.159954790280908,
  "3.5": 9.226799427293146,
  "4.0": 9.29447224450219,
  "4.5": 9.362984618030923,
  "5.0": 9.43220910635623,
  "5.5": 9.502436069942217,
  "6.0": 9.573541364335956,
  "6.5": 9.6455395232281,
  "7.0": 9.718445894442954,
  "7.5": 9.792276643124211,
  "8.0": 9.867048751420311,
  "8.5": 9.942780014581526,
  "9.0": 10.019489033391455,
  "9.5": 10.09719520286328,
  "10.0": 10.176077177374848,
  "10.5": 10.255841028879688,
  "11.0": 10.336664855609158,
  "11.5": 10.418571041893392,
  "12.0": 10.501582652676039,
  "12.5": 10.58572339942954,
  "13.0": 10.67101760238708,
  "13.5": 10.75749014915791,
  "14.0": 10.845166449820514,
  "14.5": 10.934072388611849,
  "15.0": 11.02423427232525,
  "15.5": 11.115678775571398,
  "16.0": 11.208432883055089,
  "16.5": 11.30252382902838,
  "17.0": 11.397979034115727,
  "17.5": 11.494826039699921,
  "18.0": 11.59309244007852,
  "18.5": 11.692805812601753,
  "19.0": 11.793789780655118,
  "19.5": 11.89647637126981,
  "20.0": 12.000691786581825,
  "20.5": 12.106462806175676,
  "21.0": 12.21381582163304,
  "21.5": 12.322776759678439,
  "22.0": 12.433371005072193,
  "22.5": 12.545623323536203,
  "23.0": 12.65955778498351,
  "23.5": 12.775197687349214,
  "24.0": 12.892565481310932,
  "24.5": 13.01168269619315,
  "25.0": 13.13256986734738,
  "25.5": 13.255246465318356,
  "26.0": 13.379730827091903,
  "26.5": 13.506040089727945,
  "27.0": 13.634190126688264,
  "27.5": 13.764195487159046,
  "28.0": 13.896069338686354,
  "28.5": 14.029823413412378,
  "29.0": 14.165467958233268,
  "29.5": 14.30301168917691,
  "30.0": 14.442461750301254,
  "30.5": 14.58382367740466,
  "31.0": 14.727101366849055,
  "31.5": 14.872297049778387,
  "32.0": 15.01941127200543,
  "32.5": 15.168442879843298,
  "33.0": 15.319389012134717,
  "33.5": 15.472245098728203,
  "34.0": 15.627004865626152,
  "34.5": 15.78366034702432,
  "35.0": 15.94220190443308,
  "35.5": 16.102618253053002,
  "36.0": 16.264896495555636,
  "36.5": 16.429022163388176,
  "37.0": 16.594979265698388,
  "37.5": 16.762750345936396,
  "38.0": 16.932316546161946,
  "38.5": 17.103657679046258,
  "39.0": 17.277100238850316,
  "39.5": 17.451929201711017,
  "40.0": 17.628465344663876,
  "40.5": 17.80668403226815,
  "41.0": 17.986559772098598,
  "41.5": 18.168066330353525,
  "42.0": 18.351176853872463,
  "42.5": 18.535863998188297,
  "43.0": 18.72210006118512,
  "43.5": 18.909857121894852,
  "44.0": 19.099107183906526,
  "44.5": 19.289822322825405,
  "45.0": 19.48197483716588,
  "45.5": 19.67553740202971,
  "46.0": 19.870483224875407,
  "46.5": 20.066786202656857,
  "47.0": 20.264421079575584,
  "47.5": 20.46336360466691,
  "48.0": 20.66359068842542,
  "48.5": 20.865080557658718,
  "49.0": 21.067812907752252,
  "49.5": 21.271769051527958,
  "50.0": 21.476932063894516,
  "50.5": 21.683286921491547,
  "51.0": 21.890820636557315,
  "51.5": 22.09952238428373,
  "52.0": 22.309383622951778,
  "52.5": 22.52039820619242,
  "53.0": 22.73256248676276,
  "53.5": 22.945875411292235,
  "54.0": 23.16033860551511,
  "54.5": 23.375956449570136,
  "55.0": 23.5927361430324,
  "55.5": 23.810687759414588,
  "56.0": 24.02982428995836,
  "56.5": 24.25016167662011,
  "57.0": 24.47171883424552,
  "57.5": 24.69451766200829,
  "58.0": 24.918583044278673,
  "58.5": 25.14394284117151,
  "59.0": 25.370627869104265,
  "59.5": 25.598671871779462,
  "60.0": 25.828111482075258,
  "60.5": 26.058986175404428,
  "61.0": 26.29133821516387,
  "61.5": 26.52521259095428,
  "62.0": 26.760656950304707,
  "62.5": 26.99772152467869,
  "63.0": 27.236459050575178,
  "63.5": 27.47692468656774
}