{
  "0": 0.0,
  "0.5": 1.1017389751505107,
  "1.0": 4.412945944466628,
  "1.5": 9.962646294850856,
  "2.0": 17.74462016997859,
  "2.5": 27.78382015984971,
  "3.0": 40.09655171399936,
  "3.5": 54.6993222158635,
  "4.0": 71.60884345707018,
  "4.5": 90.84203429485206,
  "5.0": 112.37052791391034,
  "5.5": 136.29792347142939,
  "6.0": 162.60098167601973,
  "6.5": 191.2974795991322,
  "7.0": 222.4054175480269,
  "7.5": 255.9430229117861,
  "8.0": 291.9287541990634,
  "8.5": 330.38130528107285,
  "9.0": 371.3196098440094,
  "9.5": 414.76284604205284,
  "10.0": 460.8249190581264,
  "10.5": 509.3416632594308,
  "11.0": 560.4224299454363,
  "11.5": 614.0874260750134,
  "12.0": 670.3571292248089,
  "12.5": 729.2522933480795,
  "13.0": 790.7939547082642,
  "13.5": 855.0034379585413,
  "14.0": 921.9023623591056,
  "14.5": 991.5126481354237,
  "15.0": 1063.8565229409141,
  "15.5": 1138.9565284348791,
  "16.0": 1216.8355269556632,
  "16.5": 1297.5167082591215,
  "17.0": 1381.0235963278683,
  "17.5": 1467.380056225229,
  "18.0": 1556.6103009828366,
  "18.5": 1648.738898489857,
  "19.0": 1743.5977404435398,
  "19.5": 1841.5922783561982,
  "20.0": 1942.5610189365689,
  "20.5": 2046.5300173695432,
  "21.0": 2153.5257177440217,
  "21.5": 2263.5749596514506,
  "22.0": 2376.704984663287,
  "22.5": 2492.9434426818043,
  "23.0": 2612.3183981237235,
  "23.5": 2734.85833593586,
  "24.0": 2860.5921674191486,
  "24.5": 2989.5492358424235,
  "25.0": 3121.7593218162656,
  "25.5": 3257.2526484283153,
  "26.0": 3396.0598861101316,
  "26.5": 3538.2121572172036,
  "27.0": 3683.7410403131507,
  "27.5": 3832.678574130987,
  "28.0": 3985.0572612199467,
  "28.5": 4140.910071225138,
  "29.0": 4300.270443820278,
  "29.5": 4463.172291269177,
  "30.0": 4629.650000607246,
  "30.5": 4799.738435418927,
  "31.0": 4973.47293722257,
  "31.5": 5150.889326447155,
  "32.0": 5332.02390298387,
  "32.5": 5516.913446323713,
  "33.0": 5705.595215265988,
  "33.5": 5898.106947206077,
  "34.0": 6094.486856987467,
  "34.5": 6294.773635335849,
  "35.0": 6499.006446867017,
  "35.5": 6707.224927675445,
  "36.0": 6919.4691825140035,
  "36.5": 7135.779781568213,
  "37.0": 7356.197756841313,
  "37.5": 7580.764598156791,
  "38.0": 7809.522248794092,
  "38.5": 8042.513100775192,
  "39.0": 8280.258837049128,
  "39.5": 8521.85371948639,
  "40.0": 8767.81170763413,
  "40.5": 9018.176935861353,
  "41.0": 9272.99395914562,
  "41.5": 9532.307746697217,
  "42.0": 9796.163675403222,
  "42.5": 10064.607523121173,
  "43.0": 10337.685461840476,
  "43.5": 10615.444050763035,
  "44.0": 10897.930229322985,
  "44.5": 11185.191310194205,
  "45.0": 11477.274972309242,
  "45.5": 11774.229253939935,
  "46.0": 12076.10254586686,
  "46.5": 12382.94358468661,
  "47.0": 12694.801446291269,
  "47.5": 13011.725539554027,
  "48.0": 13333.765600270825,
  "48.5": 13660.971685395576,
  "49.0": 13993.394167601946,
  "49.5": 14331.083730202052,
  "50.0": 14674.091362485895,
  "50.5": 15022.468355495483,
  "51.0": 15376.266298265546,
  "51.5": 15735.537074586027,
  "52.0": 16100.33286029636,
  "52.5": 16470.70612115867,
  "53.0": 16846.70961131819,
  "53.5": 17228.39637239452,
  "54.0": 17615.819733230048,
  "54.5": 18009.033310291008,
  "55.0": 18408.091008765623,
  "55.5": 18813.047024369356,
  "56.0": 19223.955845868448,
  "56.5": 19640.872258322313,
  "57.0": 20063.85134707729,
  "57.5": 20492.94850249437,
  "58.0": 20928.219425425283,
  "58.5": 21369.72013343789,
  "59.0": 21817.506967776106,
  "59.5": 22271.6366010732,
  "60.0": 22732.166045780876,
  "60.5": 23199.15266332985,
  "61.0": 23672.654174003867,
  "61.5": 24152.728667500196,
  "62.0": 24639.434614177793,
  "62.5": 25132.83087697113,
  "63.0": 25632.97672394442,
  "63.5": 26139.93184147973
}