{
  "0": 91800.0,
  "0.5": 91495.3125,
  "1.0": 91190.625,
  "1.5": 90885.328125,
  "2.0": 90580.640625,
  "2.5": 90275.953125,
  "3.0": 89971.265625,
  "3.5": 89666.578125,
  "4.0": 89361.890625,
  "4.5": 89057.203125,
  "5.0": 88753.125,
  "5.5": 88448.4375,
  "6.0": 88143.75,
  "6.5": 87839.0625,
  "7.0": 87534.375,
  "7.5": 87229.6875,
  "8.0": 86925.0,
  "8.5": 86620.3125,
  "9.0": 86315.625,
  "9.5": 86010.9375,
  "10.0": 85705.640625,
  "10.5": 85400.953125,
  "11.0": 85096.265625,
  "11.5": 84791.578125,
  "12.0": 84486.890625,
  "12.5": 84182.203125,
  "13.0": 83877.515625,
  "13.5": 83572.828125,
  "14.0": 83268.140625,
  "14.5": 82963.453125,
  "15.0": 82658.765625,
  "15.5": 82354.078125,
  "16.0": 82049.390625,
  "16.5": 81744.703125,
  "17.0": 81440.015625,
  "17.5": 81135.328125,
  "18.0": 80830.640625,
  "18.5": 80525.953125,
  "19.0": 80221.875,
  "19.5": 79917.1875,
  "20.0": 79612.5,
  "20.5": 79307.8125,
  "21.0": 79003.125,
  "21.5": 78698.4375,
  "22.0": 78393.75,
  "22.5": 78089.0625,
  "23.0": 77784.375,
  "23.5": 77479.6875,
  "24.0": 77175.0,
  "24.5": 76870.3125,
  "25.0": 76565.625,
  "25.5": 76260.9375,
  "26.0": 75956.25,
  "26.5": 75651.5625,
  "27.0": 75346.875,
  "27.5": 75042.1875,
  "28.0": 74737.5,
  "28.5": 74432.8125,
  "29.0": 74128.125,
  "29.5": 73823.4375,
  "30.0": 73518.75,
  "30.5": 73214.0625,
  "31.0": 72909.375,
  "31.5": 72604.6875,
  "32.0": 72300.0,
  "32.5": 71995.3125,
  "33.0": 71690.625,
  "33.5": 71385.9375,
  "34.0": 71081.25,
  "34.5": 70776.5625,
  "35.0": 70471.875,
  "35.5": 70167.1875,
  "36.0": 69862.5,
  "36.5": 69557.8125,
  "37.0": 69253.125,
  "37.5": 68948.4375,
  "38.0": 68643.75,
  "38.5": 68339.0625,
  "39.0": 68033.765625,
  "39.5": 67729.078125,
  "40.0": 67424.390625,
  "40.5": 67119.703125,
  "41.0": 66815.015625,
  "41.5": 66510.328125,
  "42.0": 66205.640625,
  "42.5": 65900.953125,
  "43.0": 65596.265625,
  "43.5": 65291.578125,
  "44.0": 64986.890625,
  "44.5": 64682.203125,
  "45.0": 64377.515625,
  "45.5": 64072.828125,
  "46.0": 63768.140625,
  "46.5": 63463.453125,
  "47.0": 63158.765625,
  "47.5": 62854.078125,
  "48.0": 62549.390625,
  "48.5": 62244.703125,
  "49.0": 61940.015625,
  "49.5": 61635.328125,
  "50.0": 61330.640625,
  "50.5": 61025.953125,
  "51.0": 60721.265625,
  "51.5": 60416.578125,
  "52.0": 60111.890625,
  "52.5": 59807.203125,
  "53.0": 59502.515625,
  "53.5": 59197.828125,
  "54.0": 58893.140625,
  "54.5": 58588.453125,
  "55.0": 58283.765625,
  "55.5": 57979.078125,
  "56.0": 57674.390625,
  "56.5": 57369.703125,
  "57.0": 57065.015625,
  "57.5": 56760.328125,
  "58.0": 56455.640625,
  "58.5": 56150.953125,
  "59.0": 55846.265625,
  "59.5": 55541.578125,
  "60.0": 55236.890625,
  "60.5": 54932.203125,
  "61.0": 54627.515625,
  "61.5": 54322.828125,
  "62.0": 54018.140625,
  "62.5": 53713.453125,
  "63.0": 53408.765625,
  "63.5": 53104.078125
}