{
  "0": 0.0,
  "0.5": 4.403322005557472,
  "1.0": 8.837874079098572,
  "1.5": 13.313009714813028,
  "2.0": 17.811257739759572,
  "2.5": 22.341915891495873,
  "3.0": 26.90538567654832,
  "3.5": 31.502073372915056,
  "4.0": 36.132390388707755,
  "4.5": 40.79675363207189,
  "5.0": 45.48615354242596,
  "5.5": 50.21981364510777,
  "6.0": 54.98880666276921,
  "6.5": 59.79357536769264,
  "7.0": 64.63457000274252,
  "7.5": 69.5122486893734,
  "8.0": 74.4270778363583,
  "8.5": 79.37953254746547,
  "9.0": 84.37009702626679,
  "9.5": 89.3992649762293,
  "10.0": 94.4777160713886,
  "10.5": 99.5856917964857,
  "11.0": 104.73381405304595,
  "11.5": 109.92261840693739,
  "12.0": 115.15265178802854,
  "12.5": 120.42447282211268,
  "13.0": 125.7386521448636,
  "13.5": 131.0957726959981,
  "14.0": 136.49642999185906,
  "14.5": 141.94123237468716,
  "15.0": 147.43080123690956,
  "15.5": 152.96577121883146,
  "16.0": 158.54679037820807,
  "16.5": 164.17452033023707,
  "17.0": 169.84963635661305,
  "17.5": 175.57282748237597,
  "18.0": 181.3447965193814,
  "18.5": 187.1662600753385,
  "19.0": 193.02615453381372,
  "19.5": 198.94870927662407,
  "20.0": 204.9229891624431,
  "20.5": 210.9497653264773,
  "21.0": 217.02982219972338,
  "21.5": 223.1639572957322,
  "22.0": 229.35298095886847,
  "22.5": 235.59771607401626,
  "23.0": 241.89899773780812,
  "23.5": 248.25767289161047,
  "24.0": 254.6745999166332,
  "24.5": 261.15064819168555,
  "25.0": 267.68669761423826,
  "25.5": 274.2836380856159,
  "26.0": 280.9423689612744,
  "26.5": 287.66379846729393,
  "27.0": 294.44884308434604,
  "27.5": 301.2984269005627,
  "28.0": 308.21348093488666,
  "28.5": 315.194942432626,
  "29.0": 322.24375413509574,
  "29.5": 329.3608635253869,
  "30.0": 336.54722205243905,
  "30.5": 343.80378433576084,
  "31.0": 351.1315073532697,
  "31.5": 358.53134961488354,
  "32.0": 366.00427032463534,
  "32.5": 373.55122853420215,
  "33.0": 381.1731822908949,
  "33.5": 388.87108778327007,
  "34.0": 396.6458984876387,
  "34.5": 404.49856431886707,
  "35.0": 412.4300307889648,
  "35.5": 420.4412381770445,
  "36.0": 428.5331207143159,
  "36.5": 436.70660578785487,
  "37.0": 444.96261316692636,
  "37.5": 453.3020542556944,
  "38.0": 461.725831376157,
  "38.5": 470.2348370851718,
  "39.0": 478.84723062963513,
  "39.5": 487.5295037711454,
  "40.0": 496.29962004985435,
  "40.5": 505.1584269226596,
  "41.0": 514.1067593093834,
  "41.5": 523.1454391929682,
  "42.0": 532.275275279091,
  "42.5": 541.4970627183228,
  "43.0": 550.811582893731,
  "43.5": 560.2196032766174,
  "44.0": 569.7218773528377,
  "44.5": 579.3191446218619,
  "45.0": 589.0121306704499,
  "45.5": 598.8015473225023,
  "46.0": 608.6880928663022,
  "46.5": 618.6724523600119,
  "47.0": 628.7552980159345,
  "47.5": 638.9372896636314,
  "48.0": 649.2190752916301,
  "48.5": 659.6012916670385,
  "49.0": 670.0845650319676,
  "49.5": 680.6695118752676,
  "50.0": 691.3567397776728,
  "50.5": 702.1468483280529,
  "51.0": 713.0404301080673,
  "51.5": 724.0380717421524,
  "52.0": 735.1403550094078,
  "52.5": 746.3478580136051,
  "53.0": 757.661156407222,
  "53.5": 769.080824665124,
  "54.0": 780.6074374032638,
  "54.5": 792.2415707375118,
  "55.0": 803.9838036775848,
  "55.5": 815.8347195508601,
  "56.0": 827.7949074507613,
  "56.5": 839.8649637043407,
  "57.0": 852.0454933536349,
  "57.5": 864.337111645424,
  "58.0": 876.7404455240493,
  "58.5": 889.2561351220638,
  "59.0": 901.8848352436455,
  "59.5": 914.6272168358696,
  "60.0": 927.4839684431693,
  "60.5": 940.4557976405863,
  "61.0": 953.5434324416881,
  "61.5": 966.7476226773678,
  "62.0": 980.069141342102,
  "62.5": 993.5087859045974,
  "63.0": 1007.0673795801831,
  "63.5": 1020.7457725626988
}