{"Velocity": [0.0009553135380713229, 9.042409721320183e-07, -0.003433806400060746], "Acceleration": 0.9948474168777466, "Altitude": 88.4158014706336}
{"Velocity": [0.000963164558555718, 0.0003728587873572719, -0.003407574979320316], "Acceleration": 0.9948367476463318, "Altitude": 88.4158019128954}
{"Velocity": [0.001234405291143048, 0.001262169024604002, -0.0033296026808429247], "Acceleration": 0.9948245882987976, "Altitude": 88.41580566822086}
{"Velocity": [-1.452448384506738, 0.010282563329594142, 5.262477060531474], "Acceleration": 9.815186058403924e-05, "Altitude": 86.84368372755125}
{"Velocity": [-2.8004519508877763, 0.018922667002401288, 10.151291896126473], "Acceleration": 0.00044617822277359664, "Altitude": 82.63553226494696}
