{"Velocity": [0.0009493775087037193, -7.771161703942089e-06, -0.0034349832150653015], "Acceleration": 0.9948411583900452, "Altitude": 88.4169978897553}
{"Velocity": [0.0006297654082629833, 0.0011910613118466444, -0.003675235767602203], "Acceleration": 0.9948814511299133, "Altitude": 88.4170042470796}
{"Velocity": [0.0007164090629885322, 0.0006079328568427606, -0.0034859006385019597], "Acceleration": 0.9948638677597046, "Altitude": 88.41700294055045}
{"Velocity": [-1.5046697243023175, 0.00959179309516149, 5.4503920333796785], "Acceleration": 0.00010501198994461447, "Altitude": 86.73182546289172}
{"Velocity": [-2.852593176170217, 0.01823203751098317, 10.339139079016157], "Acceleration": 0.00046490394743159413, "Altitude": 82.42227823880967}
