{"Velocity": [0.0009467946147196926, -2.0661273869275612e-06, -0.003439214352276565], "Acceleration": 0.9948490262031555, "Altitude": 88.38357968418859}
{"Velocity": [0.0009688289817688656, 6.368245857246097e-05, -0.003434242129372933], "Acceleration": 0.9948512315750122, "Altitude": 88.38357830687892}
{"Velocity": [0.001355205967428219, 0.0005527052917254631, -0.003206770212614174], "Acceleration": 0.9948099851608276, "Altitude": 88.38357865659054}
{"Velocity": [-1.452948710366769, 0.00899279212744859, 5.262296084802962], "Acceleration": 9.816063538892195e-05, "Altitude": 86.81148565479089}
{"Velocity": [-2.800953117155217, 0.017633249678422492, 10.151113621186873], "Acceleration": 0.0004456890746951103, "Altitude": 82.60335920541547}
