{"Velocity": [0.000941571367832239, 8.647651310455569e-06, -0.0033913214037681882], "Acceleration": 0.9948563575744629, "Altitude": 84.60977247322444}{"Velocity": [0.0009040740537500369, -3.093312186890746e-05, -0.003356318926194035], "Acceleration": 0.9948475956916809, "Altitude": 84.60977356811054}{"Velocity": [0.001046211318339374, 0.00015393000519591427, -0.0034179451444131814], "Acceleration": 0.9948625564575195, "Altitude": 84.60977232106961}{"Velocity": [-0.3105249630640401, 0.0025768830986770594, 1.1210472430946794], "Acceleration": 0.8729871511459351, "Altitude": 84.16212781332433}{"Velocity": [0.5291725384023209, 0.05948173404411746, -1.9566553633744732], "Acceleration": 1.7126942873001099, "Altitude": 84.32144416321535}{"Velocity": [1.5317954281075572, -0.01667123582543305, -5.511499214606594], "Acceleration": 1.7200024127960205, "Altitude": 86.3838796459604}{"Velocity": [2.512749267325148, -0.2007039019307243, -9.10466867920264], "Acceleration": 1.7263914346694946, "Altitude": 90.37572133971844}{"Velocity": [3.466276416549647, -0.3101136672102375, -12.58966918032992], "Acceleration": 1.7325149774551392, "Altitude": 96.04917081596795}{"Velocity": [4.52664080161594, -0.4256493831591691, -16.230024654295605], "Acceleration": 1.7393351793289185, "Altitude": 103.87463640968781}{"Velocity": [5.540092749812686, -0.6210191813776255, -19.916360532007424], "Acceleration": 1.745672345161438, "Altitude": 113.6804672901053}{"Velocity": [6.489937664905625, -0.7856668025716357, -23.501510460099155], "Acceleration": 1.752173662185669, "Altitude": 124.99316798395012}{"Velocity": [7.54484015603191, -0.8572963310026587, -27.24695145419154], "Acceleration": 1.7585458755493164, "Altitude": 138.73461444000714}{"Velocity": [8.65348732666314, -0.938266401494983, -31.01218060468748], "Acceleration": 1.7652997970581055, "Altitude": 154.50839805637952}{"Velocity": [9.636956682842737, -1.0530089641685174, -34.688258912547944], "Acceleration": 1.771410584449768, "Altitude": 171.60868444328662}{"Velocity": [10.683687162911696, -1.1388406593775307, -38.539602576123144], "Acceleration": 1.7781000137329102, "Altitude": 191.4205027631251}{"Velocity": [11.76977858672879, -1.1469855861088136, -42.25395137781338], "Acceleration": 1.784303903579712, "Altitude": 212.43588356499095}{"Velocity": [12.886352244155262, -1.2080042609572483, -46.154114014348586], "Acceleration": 1.7907888889312744, "Altitude": 236.35305677342694}{"Velocity": [13.954892701816874, -1.3062091147868358, -50.10271849880996], "Acceleration": 1.7972995042800903, "Altitude": 262.38907664711587}{"Velocity": [15.030060806464206, -1.3616062577901042, -54.08375336438574], "Acceleration": 1.8037077188491821, "Altitude": 290.5613637929782}{"Velocity": [16.187235412785526, -1.3664131810671827, -58.077216734410605], "Acceleration": 1.8101089000701904, "Altitude": 320.8870825744234}{"Velocity": [17.325685720362713, -1.418311232915709, -62.10951872134556], "Acceleration": 1.8164749145507812, "Altitude": 353.3835038894322}{"Velocity": [18.405320868580247, -1.5349003579742608, -66.19260584387123], "Acceleration": 1.8229374885559082, "Altitude": 388.06796325021423}{"Velocity": [19.476023336333185, -1.6030613832984675, -70.14220849790226], "Acceleration": 1.8290362358093262, "Altitude": 423.4978991774842}{"Velocity": [20.657173672512243, -1.6044472794112996, -74.26596353703555], "Acceleration": 1.83547043800354, "Altitude": 462.5245332879713}{"Velocity": [21.82605241387114, -1.6575102803815907, -78.42565082220528], "Acceleration": 1.8416346311569214, "Altitude": 503.7901995718712}{"Velocity": [22.94303689860166, -1.7499373658376218, -82.63324330489681], "Acceleration": 1.8477115631103516, "Altitude": 547.3118713001022}{"Velocity": [24.059808546008213, -1.8140823415059104, -86.69917012466559], "Acceleration": 1.8538721799850464, "Altitude": 591.3023561863229}{"Velocity": [25.28479655147231, -1.8094705860073776, -90.94298152065619], "Acceleration": 1.8600258827209473, "Altitude": 639.2974127539201}{"Velocity": [26.423603281580228, -1.864553349305913, -95.06615373790453], "Acceleration": 1.8658808469772339, "Altitude": 687.6208568498259}{"Velocity": [27.576562060650502, -1.9516600507505093, -99.39769503096664], "Acceleration": 1.8724279403686523, "Altitude": 740.1551809676457}{"Velocity": [28.78697380689701, -2.012381248918805, -103.74701663574531], "Acceleration": 1.8788021802902222, "Altitude": 795.0288988543907}{"Velocity": [30.05092389147478, -2.0142211756120068, -108.11436432388888], "Acceleration": 1.8847812414169312, "Altitude": 852.258904361981}{"Velocity": [31.211869902252374, -2.056004174816072, -112.36153790637621], "Acceleration": 1.890635371208191, "Altitude": 909.5259593200171}{"Velocity": [32.39764544650248, -2.1275382328970656, -116.82073435975343], "Acceleration": 1.8976002931594849, "Altitude": 971.4283226664411}{"Velocity": [33.65538070816402, -2.175466666616887, -121.29613265237599], "Acceleration": 1.9043774604797363, "Altitude": 1035.7392425520811}{"Velocity": [34.95145093870835, -2.1668204179541366, -125.79702095182321], "Acceleration": 1.9109129905700684, "Altitude": 1102.4769431818277}{"Velocity": [36.15870206622657, -2.208499431872021, -130.17104448419295], "Acceleration": 1.9172700643539429, "Altitude": 1168.9541183599504}{"Velocity": [37.376830904217854, -2.3019390344551014, -134.76912606356225], "Acceleration": 1.9248218536376953, "Altitude": 1240.507110934006}{"Velocity": [38.68799128057384, -2.37717968985944, -139.37947502501362], "Acceleration": 1.9318807125091553, "Altitude": 1314.5433006484527}{"Velocity": [40.03423513644435, -2.382011880654673, -144.01848583410143], "Acceleration": 1.9387367963790894, "Altitude": 1391.0820632060058}{"Velocity": [41.26855686639465, -2.417447113286377, -148.53309481434246], "Acceleration": 1.9454396963119507, "Altitude": 1467.0555878962623}{"Velocity": [42.532351255194754, -2.5039517299043474, -153.27411106381646], "Acceleration": 1.9531420469284058, "Altitude": 1548.5610039366875}{"Velocity": [43.870088773518916, -2.581780633754408, -158.03471378905715], "Acceleration": 1.960694670677185, "Altitude": 1632.6279217618285}{"Velocity": [45.252813148832814, -2.5803867002505867, -162.823125834982], "Acceleration": 1.9679313898086548, "Altitude": 1719.2768237129785}{"Velocity": [46.563510876670534, -2.6018613255611753, -167.6748625217884], "Acceleration": 1.9754222631454468, "Altitude": 1808.5291266300483}{"Velocity": [47.85752161262974, -2.680060671842134, -172.5746391947807], "Acceleration": 1.9834755659103394, "Altitude": 1900.406189288944}{"Velocity": [49.216031040515844, -2.7720884981283116, -177.49850807433359], "Acceleration": 1.9915046691894531, "Altitude": 1994.9291324582882}{"Velocity": [50.63239760975134, -2.773320995132963, -182.44547349803204], "Acceleration": 1.9985154867172241, "Altitude": 2092.118114207289}{"Velocity": [51.92768212054577, -2.7547375310025544, -187.26224336152154], "Acceleration": 2.0057036876678467, "Altitude": 2188.1040346445516}{"Velocity": [53.25102160158934, -2.820269567714377, -192.32366564574917], "Acceleration": 2.0142769813537598, "Altitude": 2290.5865831396077}{"Velocity": [54.65664312621624, -2.9169585763495722, -197.40715316489593], "Acceleration": 2.022944927215576, "Altitude": 2395.8005812951596}{"Velocity": [56.07171329339516, -2.9433710472798733, -202.3167125680128], "Acceleration": 2.030012845993042, "Altitude": 2499.5645569984335}{"Velocity": [57.49025916651948, -2.967959330009201, -207.48372894684596], "Acceleration": 2.038029909133911, "Altitude": 2610.201667890884}{"Velocity": [58.87008172981058, -3.0595474718516407, -212.70871873832112], "Acceleration": 2.0468156337738037, "Altitude": 2723.6373773901723}{"Velocity": [60.27235744493768, -3.180234698728283, -217.7550939077143], "Acceleration": 2.0552730560302734, "Altitude": 2835.3708492795704}{"Velocity": [61.76503158030914, -3.2280563062336802, -223.03508027348943], "Acceleration": 2.062696933746338,