{"Velocity": [0.0009373750884549281, 1.5470315563168274e-05, -0.0033890919655803486], "Acceleration": 0.9948586225509644, "Altitude": 84.59269108693115}
{"Velocity": [0.000990746830751732, -8.551520365174648e-05, -0.003381146957991632], "Acceleration": 0.9948622584342957, "Altitude": 84.59269006748218}
{"Velocity": [0.0008891459862923057, 0.00010691546486721857, -0.0034436107708089025], "Acceleration": 0.9948575496673584, "Altitude": 84.59269101254176}
{"Velocity": [-0.31171545602947504, 0.004219741006640295, 1.1206457822959521], "Acceleration": 0.8729875087738037, "Altitude": 84.1450814952841}
{"Velocity": [0.5108754329320107, 0.04303651192967174, -1.9619623242965574], "Acceleration": 1.712760090827942, "Altitude": 84.30447584553622}
{"Velocity": [1.4906582601827552, -0.007742485643838332, -5.375153565479657], "Acceleration": 1.7197155952453613, "Altitude": 86.25222812464926}
{"Velocity": [2.4964849617455513, -0.12454402530693677, -8.961183624718629], "Acceleration": 1.7261366844177246, "Altitude": 90.16973451687954}
{"Velocity": [3.4451376585300295, -0.3219007807432308, -12.445433201020442], "Acceleration": 1.732489824295044, "Altitude": 95.77116024517454}
{"Velocity": [4.537609513194894, -0.4385690690018443, -16.0747447704788], "Acceleration": 1.7388659715652466, "Altitude": 103.52128384576645}
{"Velocity": [5.61098890293178, -0.552183625324414, -19.744700886300265], "Acceleration": 1.7455979585647583, "Altitude": 113.25088953669183}
{"Velocity": [6.577802283149083, -0.7234688004445727, -23.323875109831143], "Acceleration": 1.7518408298492432, "Altitude": 124.48956038872711}
{"Velocity": [7.659066421416924, -0.8873282624626002, -27.059550290713844], "Acceleration": 1.7584580183029175, "Altitude": 138.153528955183}
{"Velocity": [8.793193494337487, -0.9569159457278779, -30.81677096726135], "Acceleration": 1.765018105506897, "Altitude": 153.84930245066062}
{"Velocity": [9.813981622450484, -1.0352332568243845, -34.481445510665324], "Acceleration": 1.7711678743362427, "Altitude": 170.87361505674198}
{"Velocity": [10.872630342014531, -1.16937167856009, -38.32759811889961], "Acceleration": 1.7778310775756836, "Altitude": 190.60551494685933}
{"Velocity": [12.019343473217049, -1.254520465042858, -42.18404281873273], "Acceleration": 1.7841951847076416, "Altitude": 212.42126647010446}
{"Velocity": [13.163264344016056, -1.2786398722395524, -46.077685070809586], "Acceleration": 1.79091477394104, "Altitude": 236.33844822866376}
{"Velocity": [14.24842117917052, -1.3361027622853912, -50.02195361466442], "Acceleration": 1.7973265647888184, "Altitude": 262.37448580760974}
{"Velocity": [15.360241467742668, -1.4557462556555203, -53.992737902381215], "Acceleration": 1.803693413734436, "Altitude": 290.546815363341}
{"Velocity": [16.54429197327056, -1.5710387209794323, -57.97801206923964], "Acceleration": 1.810194730758667, "Altitude": 320.87272690376267}
{"Velocity": [17.713296271873446, -1.6055912057813213, -62.002351170362914], "Acceleration": 1.81657075881958, "Altitude": 353.3693603412248}
{"Velocity": [18.825401230570435, -1.676645480922229, -66.07715095430814], "Acceleration": 1.8229517936706543, "Altitude": 388.0539576859446}
{"Velocity": [19.974908335407036, -1.7944899005906643, -70.17487602176084], "Acceleration": 1.829187273979187, "Altitude": 424.94380188174546}
{"Velocity": [21.208851304578957, -1.8956911217955323, -74.28262097937169], "Acceleration": 1.83555006980896, "Altitude": 464.05584490683395}
{"Velocity": [22.401359911504443, -1.9232290092788362, -78.4368000569761], "Acceleration": 1.8417558670043945, "Altitude": 505.40694122435525}
{"Velocity": [23.54746062048963, -1.9728939866801511, -82.63712284176782], "Acceleration": 1.8479597568511963, "Altitude": 549.0138597600162}
{"Velocity": [24.716905106134703, -2.0874340578332653, -86.68843524430596], "Acceleration": 1.8538683652877808, "Altitude": 593.0868262745207}
{"Velocity": [25.978272833586857, -2.1720738217042284, -90.92309342796386], "Acceleration": 1.860355019569397, "Altitude": 641.1683102837997}
{"Velocity": [27.112496422855116, -2.1783183042514347, -95.0494090018447], "Acceleration": 1.8661725521087646, "Altitude": 689.575121116708}
{"Velocity": [28.289653379283152, -2.2304227740522857, -99.37272305461718], "Acceleration": 1.8721550703048706, "Altitude": 742.1961107866373}
{"Velocity": [29.543002779190488, -2.3339937457526023, -103.70922130793737], "Acceleration": 1.8784157037734985, "Altitude": 797.1563368602656}
{"Velocity": [30.825571016141026, -2.3989166120407277, -108.07182628915587], "Acceleration": 1.8849824666976929, "Altitude": 854.4727647774853}
{"Velocity": [32.02982517312566, -2.4087253404935844, -112.49247187299927], "Acceleration": 1.8912873268127441, "Altitude": 914.1628791585099}
{"Velocity": [33.23989933886838, -2.4339101739508955, -116.94590331500223], "Acceleration": 1.8977410793304443, "Altitude": 976.2444275444141}
{"Velocity": [34.51066888871418, -2.528839242906138, -121.23267680664452], "Acceleration": 1.9041811227798462, "Altitude": 1038.2103950037854}
{"Velocity": [35.813133480000715, -2.5899049045623133, -125.73274730138374], "Acceleration": 1.9111768007278442, "Altitude": 1105.0356604096014}
{"Velocity": [37.00671977055626, -2.582053975240393, -130.11248845295276], "Acceleration": 1.9176394939422607, "Altitude": 1171.5971985858632}
{"Velocity": [38.265238281621464, -2.60259468499969, -134.6982142684934], "Acceleration": 1.9243676662445068, "Altitude": 1243.2381632138276}
{"Velocity": [39.60920241501671, -2.6792119070447455, -139.29852567671168], "Acceleration": 1.9312994480133057, "Altitude": 1317.3622046920937}
{"Velocity": [40.94902074774947, -2.744732806676543, -143.9397208053884], "Acceleration": 1.9389317035675049, "Altitude": 1393.9885287928628}
{"Velocity": [42.16216810006634, -2.7380013742187503, -148.46192880654598], "Acceleration": 1.9458887577056885, "Altitude": 1470.046209582244}
{"Velocity": [43.45719583751372, -2.7497001600207156, -153.1943885162491], "Acceleration": 1.95298433303833, "Altitude": 1551.6397599483607}
{"Velocity": [44.822200996126156, -2.8296953839188212, -157.94934910427924], "Acceleration": 1.960456371307373, "Altitude": 1635.7960884541972}
{"Velocity": [46.19151409932641, -2.902629194078304, -162.74418477228627], "Acceleration": 1.9685046672821045, "Altitude": 1722.5352082892787}
{"Velocity": [47.474635285528706, -2.9151518323668917, -167.60429115170066], "Acceleration": 1.9757715463638306, "Altitude": 1811.8779957264196}
{"Velocity": [48.82216132097534, -2.9084872661235868, -172.4883761771293], "Acceleration": 1.9832724332809448, "Altitude": 1903.845545769902}
{"Velocity": [50.19371005393256, -2.9585100585466497, -177.2039521457105], "Acceleration": 1.9908109903335571, "Altitude": 1994.7710178861162}
{"Velocity": [51.602406570460744, -3.0256727137709776, -182.15546467693363], "Acceleration": 1.9988800287246704, "Altitude": 2091.949257117347}
{"Velocity": [52.95424572383354, -3.047226473237699, -187.16628945445257], "Acceleration": 2.006509304046631, "Altitude": 2191.8159524179064}
{"Velocity": [54.340640436258184, -3.033218925791328, -192.2110952426976], "Acceleration": 2.0145301818847656, "Altitude": 2294.392498595291}
{"Velocity": [55.761788040435505, -3.075142115438032, -197.08003642120113], "Acceleration": 2.022515058517456, "Altitude": 2395.6004822277464}
{"Velocity": [57.22081751988824, -3.1523363886946414, -202.19228741182278], "Acceleration": 2.0304815769195557, "Altitude": 2503.5583455684828}
{"Velocity": [58.62199289191824, -3.1886472802551897, -207.36378765849463], "Acceleration": 2.037942886352539, "Altitude": 2614.2924035337055}
{"Velocity": [60.04724044755031, -3.1697150670093044, -212.57253579384167], "Acceleration": 2.046168327331543, "Altitude": 2727.8234975532396}
{"Velocity": [61.56279989207525, -3.1722419807888755, -217.80241464224054], "Acceleration": 2.0546183586120605, "Altitude": 2844.174682970275}
{"Velocity": [63.07973730194942, -3.242541381418747, -223.07885297814352], "Acceleration": 2.0630359649658203,