{"Velocity": [0.0009455045525896821, 1.3461603649398688e-05, -0.0034397471905975863], "Acceleration": 0.9948567152023315, "Altitude": 84.57686367898714}{"Velocity": [0.0009335541955692861, 0.00019257987605941676, -0.0033935112097367437], "Acceleration": 0.9948429465293884, "Altitude": 84.57690038823057}{"Velocity": [0.0010680124427153714, 0.000926079259298133, -0.0035390282915557236], "Acceleration": 0.9949024319648743, "Altitude": 84.5768795061158}{"Velocity": [-0.3129015653065039, 0.00013692817191944396, 1.1204403332513948], "Acceleration": 0.8729867935180664, "Altitude": 84.12922521517612}{"Velocity": [0.5416700985173577, 0.05200469009312956, -1.9523654455212878], "Acceleration": 1.7125284671783447, "Altitude": 84.28847743524238}{"Velocity": [1.4423683896086459, -0.028790025062775327, -5.384954568644233], "Acceleration": 1.7194186449050903, "Altitude": 86.23518555681221}{"Velocity": [2.463894625000705, -0.08886163213507786, -8.966436951200308], "Acceleration": 1.7258896827697754, "Altitude": 90.15104938391596}{"Velocity": [3.4283288340601814, -0.22274220754691865, -12.597420135533945], "Acceleration": 1.7326080799102783, "Altitude": 96.01197136682458}{"Velocity": [4.346436152506016, -0.4442125334578688, -16.274544264663376], "Acceleration": 1.739290714263916, "Altitude": 103.83552459557541}{"Velocity": [5.324045167560996, -0.6178920313456163, -19.971329892539572], "Acceleration": 1.7457867860794067, "Altitude": 113.63944190274924}{"Velocity": [6.338773714549262, -0.7231906417006423, -23.694373405283514], "Acceleration": 1.752488613128662, "Altitude": 125.44089673238341}{"Velocity": [7.30484488814281, -0.8510147109915728, -27.464763822927146], "Acceleration": 1.7588534355163574, "Altitude": 139.25778005854227}{"Velocity": [8.246862139187584, -0.9917486560313027, -31.276749596213662], "Acceleration": 1.7655384540557861, "Altitude": 155.10792613367084}{"Velocity": [9.25811428194703, -1.0787435970972266, -34.946442389761074], "Acceleration": 1.7716622352600098, "Altitude": 172.28211584989913}{"Velocity": [10.308305267953301, -1.1096033402113765, -38.797287813779235], "Acceleration": 1.7781164646148682, "Altitude": 192.1708658169955}{"Velocity": [11.292551790824461, -1.1878204192220547, -42.70062634296875], "Acceleration": 1.7845890522003174, "Altitude": 214.1441761290189}{"Velocity": [12.314636698207352, -1.2983786972517117, -46.62858278878031], "Acceleration": 1.7912538051605225, "Altitude": 238.21969360497314}{"Velocity": [13.408094495880334, -1.3795111315025108, -50.5719840955091], "Acceleration": 1.7976734638214111, "Altitude": 264.41499877430033}{"Velocity": [14.475677452335532, -1.4231304503194253, -54.55752042037856], "Acceleration": 1.8041167259216309, "Altitude": 292.7473946851678}{"Velocity": [15.489254600544882, -1.5073757733670805, -58.59181883941889], "Acceleration": 1.8104721307754517, "Altitude": 323.2341271912446}{"Velocity": [16.541436775941037, -1.661822368823827, -62.6490811415221], "Acceleration": 1.8170207738876343, "Altitude": 355.892442912329}{"Velocity": [17.652489855091602, -1.7741473838652173, -66.72513616119369], "Acceleration": 1.8233075141906738, "Altitude": 390.73956281726714}{"Velocity": [18.739822381953587, -1.8369269135925241, -70.84200275976835], "Acceleration": 1.8294758796691895, "Altitude": 427.7924642455764}{"Velocity": [19.716525138573246, -1.9263310487434109, -74.85027926038785], "Acceleration": 1.8355571031570435, "Altitude": 465.51610969775356}{"Velocity": [20.81688194116674, -2.0755619067837823, -79.02796035567906], "Acceleration": 1.8416647911071777, "Altitude": 506.9446431219112}{"Velocity": [21.956917878914908, -2.174664037863601, -83.22862962712894], "Acceleration": 1.8478314876556396, "Altitude": 550.6285599388648}{"Velocity": [22.99945391844352, -2.209002394836492, -87.31421657218593], "Acceleration": 1.8536350727081299, "Altitude": 594.7748833304504}{"Velocity": [24.070274930780556, -2.296514898761464, -91.59879454272257], "Acceleration": 1.8598078489303589, "Altitude": 642.931433469872}{"Velocity": [25.20013107922432, -2.424186097668163, -95.8995447935781], "Acceleration": 1.8657543659210205, "Altitude": 693.3925453728298}{"Velocity": [26.38501691436636, -2.528898054089393, -100.21757560839856], "Acceleration": 1.8718370199203491, "Altitude": 746.1743724659318}{"Velocity": [27.494465796806765, -2.572017759402413, -104.59074869400018], "Acceleration": 1.8778636455535889, "Altitude": 801.2937029015739}{"Velocity": [28.55001448520639, -2.6426668913499887, -108.83140206567111], "Acceleration": 1.8841643333435059, "Altitude": 856.5134709068807}{"Velocity": [29.727087931395317, -2.7710087794297906, -113.25328348786748], "Acceleration": 1.89042329788208, "Altitude": 916.2679087305441}{"Velocity": [30.9349027286504, -2.881429365439651, -117.7012694167314], "Acceleration": 1.896895408630371, "Altitude": 978.411009857431}{"Velocity": [32.09204622729624, -2.9273185972351246, -122.19828916901312], "Acceleration": 1.902961254119873, "Altitude": 1042.9601547782077}{"Velocity": [33.174700691144494, -2.998282269662454, -126.56554164679702], "Acceleration": 1.9098061323165894, "Altitude": 1107.3122220352525}{"Velocity": [34.398478327188855, -3.1330747404483588, -131.11644955408764], "Acceleration": 1.9164624214172363, "Altitude": 1176.6335746906698}{"Velocity": [35.6448441098934, -3.2594269862312153, -135.69868751814943], "Acceleration": 1.9235180616378784, "Altitude": 1248.415355327772}{"Velocity": [36.78419983126622, -3.295957742521695, -140.15724343267246], "Acceleration": 1.9298882484436035, "Altitude": 1319.7745359750697}{"Velocity": [37.91855990649378, -3.3761937672942928, -144.84778136896557], "Acceleration": 1.9376987218856812, "Altitude": 1396.4387455482502}{"Velocity": [39.157410980455495, -3.50689665093916, -149.54856693272905], "Acceleration": 1.9446310997009277, "Altitude": 1475.621473073843}{"Velocity": [40.41128732905685, -3.634571161898773, -154.28450942356096], "Acceleration": 1.951957106590271, "Altitude": 1557.3423395974096}{"Velocity": [41.61630498903773, -3.676076378544361, -159.07238205523487], "Acceleration": 1.958638310432434, "Altitude": 1641.620881645591}{"Velocity": [42.79926693788386, -3.731755451605223, -163.907023010033], "Acceleration": 1.9662466049194336, "Altitude": 1728.477052271599}{"Velocity": [44.057813272770346, -3.8409720351543424, -168.76042741689267], "Acceleration": 1.9734282493591309, "Altitude": 1817.9303715636488}{"Velocity": [45.312725174437475, -3.9832040899025456, -173.45484508527403], "Acceleration": 1.9811104536056519, "Altitude": 1906.4121888530208}{"Velocity": [46.56168697762459, -4.030250245414255, -178.39227639865166], "Acceleration": 1.9881232976913452, "Altitude": 2001.021031787037}{"Velocity": [47.72968235193849, -4.075577887125782, -183.1895237561772], "Acceleration": 1.9957900047302246, "Altitude": 2094.4987563128816}{"Velocity": [49.018150438100406, -4.180782924192492, -188.1990201626925], "Acceleration": 2.003312349319458, "Altitude": 2194.3434801679105}{"Velocity": [50.29715434749974, -4.313375278396874, -193.04615314381851], "Acceleration": 2.011168956756592, "Altitude": 2292.894806837663}{"Velocity": [51.571694984634206, -4.359575653891983, -198.14190950791124], "Acceleration": 2.0180976390838623, "Altitude": 2398.0576717847725}{"Velocity": [52.78728999717865, -4.395202296648301, -203.0833273257748], "Acceleration": 2.0253355503082275, "Altitude": 2501.761057978263}{"Velocity": [54.146153401337244, -4.498284722533005, -208.23526176122158], "Acceleration": 2.0324862003326416, "Altitude": 2612.3205886707874}{"Velocity": [55.50813541783174, -4.647728591922178, -213.2174806600433], "Acceleration": 2.040966033935547, "Altitude": 2721.251664571464}{"Velocity": [56.864368964188344, -4.730766615117832, -218.45929510688563], "Acceleration": 2.0486867427825928, "Altitude": 2837.291318333475}{"Velocity": [58.1948216023259, -4.787784911448196, -223.7534272547984], "Acceleration": 2.0567891597747803,