{"pos": [159784.01392812954, -1018.5679985892509, -578421.6289932306], "time": 0.6337308883666992, "altitude": 86.28502485714853, "Velocity": 4.949581704972147}
{"pos": [159784.99539397514, -1018.57289712527, -578425.3302823746], "time": 1.154155969619751, "altitude": 90.11402961192653, "Velocity": 9.593206592565641}
{"pos": [159786.65656526203, -1018.5807558344693, -578431.3589669026], "time": 1.677856683731079, "altitude": 96.3673939028522, "Velocity": 14.271817420126942}
{"pos": [159788.93008415942, -1018.5872548462373, -578439.358126505], "time": 2.187032461166382, "altitude": 104.6831405654084, "Velocity": 18.803877959722243}
{"pos": [159791.74327257232, -1018.5905437900235, -578449.0824792219], "time": 2.704706907272339, "altitude": 114.80548794684, "Velocity": 23.185615074051913}
{"pos": [159795.48390245409, -1018.5909745700208, -578461.8967623377], "time": 3.235752582550049, "altitude": 128.71623687481042, "Velocity": 28.150952910027954}
{"pos": [159800.31247981076, -1018.5896081796398, -578478.3709936369], "time": 3.781532049179077, "altitude": 145.3183195600286, "Velocity": 33.154104438609586}
{"pos": [159805.5381530397, -1018.5884215233398, -578496.1722841961], "time": 4.305729389190674, "altitude": 163.86836781539023, "Velocity": 38.0078594735512}
{"pos": [159811.48070738907, -1018.5883652984646, -578516.4035917367], "time": 4.824185132980347, "altitude": 184.95158814371098, "Velocity": 42.89707381437945}
{"pos": [159818.14386570788, -1018.5898635385108, -578539.0830851739], "time": 5.3522539138793945, "altitude": 208.58648558415007, "Velocity": 47.82196742887018}
{"pos": [159825.23413660034, -1018.5929728283097, -578563.2159630088], "time": 5.85931396484375, "altitude": 234.7916704544332, "Velocity": 52.78273389506097}
{"pos": [159833.64825158956, -1018.5982634250556, -578591.8594994328], "time": 6.385326147079468, "altitude": 263.58588110737037, "Velocity": 57.77953712126136}
{"pos": [159842.49725004134, -1018.60543502425, -578621.9932395312], "time": 6.9063498973846436, "altitude": 294.9879389706766, "Velocity": 62.81254816804112}
{"pos": [159852.0824304978, -1018.6149724808072, -578654.6487074449], "time": 7.425563335418701, "altitude": 329.0167104738066, "Velocity": 67.88194605927717}
{"pos": [159862.4073912054, -1018.6271289412414, -578689.8446387867], "time": 7.9436728954315186, "altitude": 365.6912134484155, "Velocity": 72.98791204730354}
{"pos": [159873.47606312158, -1018.6421316762005, -578727.5997588118], "time": 8.474545955657959, "altitude": 405.03054429218173, "Velocity": 78.130647080435}
{"pos": [159885.2922188589, -1018.6604183141624, -578767.9329458979], "time": 8.989100694656372, "altitude": 447.05390519159846, "Velocity": 83.31036436756096}
{"pos": [159897.85987296212, -1018.6822067473565, -578810.8631556431], "time": 9.503566265106201, "altitude": 491.78063681395724, "Velocity": 88.5273048970853}
{"pos": [159910.6567024528, -1018.7065686483418, -578854.6089416519], "time": 10.017129182815552, "altitude": 537.3545276550576, "Velocity": 93.5788870821189}
{"pos": [159925.26605436497, -1018.7372262750303, -578904.5906639739], "time": 10.544947147369385, "altitude": 589.4218514991226, "Velocity": 99.07371899284162}
{"pos": [159939.52740888955, -1018.7701485429441, -578953.4220784798], "time": 11.051634788513184, "altitude": 640.2877403213643, "Velocity": 104.1983266201192}
{"pos": [159953.88604251953, -1018.8060320739185, -579002.6254197211], "time": 11.561890363693237, "altitude": 691.5380365892779, "Velocity": 109.15188011440739}
{"pos": [159970.1835224078, -1018.8498011950885, -579058.5179959377], "time": 12.078455448150635, "altitude": 749.7523384933593, "Velocity": 114.55644126479368}
{"pos": [159987.25726641368, -1018.8990100149547, -579117.1230421239], "time": 12.598731994628906, "altitude": 810.7878886727849, "Velocity": 120.00151997235959}
{"pos": [160005.11169327004, -1018.954142284814, -579178.4613644643], "time": 13.115119457244873, "altitude": 874.6659196302062, "Velocity": 125.48808875105837}
{"pos": [160023.02046421677, -1019.012823951665, -579240.0380734415], "time": 13.625386953353882, "altitude": 938.7882080400595, "Velocity": 130.80367178689767}
{"pos": [160042.42128678467, -1019.079946351472, -579306.8002020124], "time": 14.134313821792603, "altitude": 1011.0377245674608, "Velocity": 136.58956748395886}
{"pos": [160063.41087692106, -1019.1566234950458, -579379.0916734298], "time": 14.67595386505127, "altitude": 1083.576593226171, "Velocity": 142.2063935990473}
{"pos": [160083.61653052305, -1019.2340798501407, -579448.740420558], "time": 15.18627142906189, "altitude": 1156.0911232384387, "Velocity": 147.65011042714502}
{"pos": [160105.42261553873, -1019.3213158969318, -579523.9642932724], "time": 15.698703289031982, "altitude": 1234.4056664044037, "Velocity": 153.35739181533657}
{"pos": [160128.0434207602, -1019.4158814076816, -579602.0556971271], "time": 16.218384742736816, "altitude": 1315.701164400787, "Velocity": 159.1127519809743}
{"pos": [160151.48581492965, -1019.5177078966533, -579683.0388249856], "time": 16.742025136947632, "altitude": 1403.3055082268547, "Velocity": 164.9177639605986}
{"pos": [160176.70986010265, -1019.6315180186664, -579770.223363588], "time": 17.27799892425537, "altitude": 1490.7563122677384, "Velocity": 170.99977335391878}
{"pos": [160201.87223048802, -1019.7503866080676, -579857.1714211536], "time": 17.795122385025024, "altitude": 1581.2655041252729, "Velocity": 176.90190579428304}
{"pos": [160227.93032555192, -1019.8799249057208, -579947.0649810833], "time": 18.314687252044678, "altitude": 1674.852384278318, "Velocity": 182.83738436564738}
{"pos": [160254.9240457151, -1020.0190068606769, -580039.9105172284], "time": 18.84228777885437, "altitude": 1771.533817033982, "Velocity": 188.80868655647248}
{"pos": [160281.78779274944, -1020.1604974393283, -580131.9805083943], "time": 19.355143547058105, "altitude": 1867.4331063873833, "Velocity": 194.58608983763295}
{"pos": [160310.69996610322, -1020.3165525321399, -580230.6502033847], "time": 19.85837483406067, "altitude": 1970.2393016875722, "Velocity": 200.6265863261455}
{"pos": [160339.48198042982, -1020.4777188424503, -580328.3318050974], "time": 20.373454332351685, "altitude": 2072.058438367909, "Velocity": 206.4640819553004}
{"pos": [160369.2648879446, -1020.6498409633075, -580428.7700147385], "time": 20.88235092163086, "altitude": 2176.8012034497224, "Velocity": 212.33523297795418}
{"pos": [160400.0753339752, -1020.8328660849963, -580531.9743604829], "time": 21.386578798294067, "altitude": 2284.483879308449, "Velocity": 218.2387191650236}
{"pos": [160433.25591732774, -1021.036580932561, -580642.2429690029], "time": 21.898443698883057, "altitude": 2399.6069387894822, "Velocity": 224.40827925007414}
{"pos": [160466.29839680562, -1021.2468997363483, -580751.0956184834], "time": 22.41120219230652, "altitude": 2522.5545629638946, "Velocity": 230.60954472359944}
{"pos": [160503.29346698077, -1021.4893355079174, -580871.7665689879], "time": 22.94429659843445, "altitude": 2639.494101727614, "Velocity": 236.84177039040992}
{"pos": [160540.25505361447, -1021.7384285877754, -580991.0228900858], "time": 23.463265419006348, "altitude": 2764.2873636122094, "Velocity": 243.11094280610263}
{"pos": [160578.5692471853, -1022.0037885783667, -581113.282018507], "time": 23.976645946502686, "altitude": 2892.3352735020453, "Velocity": 249.41205152722898}
{"pos": [160616.75295582713, -1022.2755069148001, -581233.6617849065], "time": 24.490224599838257, "altitude": 3018.5370029477635, "Velocity": 255.49573703818797}
{"pos": [160657.92012299885, -1022.5746107682759, -581361.78946797], "time": 24.998427867889404, "altitude": 3153.0014933870407, "Velocity": 261.86136447473086}
{"pos": [160698.943144793, -1022.8783201193277, -581487.8154330946], "time": 25.509377479553223, "altitude": 3285.4018663661554, "Velocity": 268.02039193092014}
{"pos": [160743.16496827066, -1023.2128917332387, -581621.8168112139], "time": 26.023585557937622,