{"pos": [159783.99293001503, -1018.5672515997999, -578421.5192573046], "time": 0.6351718902587891, "altitude": 86.1736582784215, "Velocity": 4.771604361290049}
{"pos": [159784.9007441208, -1018.572761508111, -578424.9490543203], "time": 1.1424622535705566, "altitude": 89.72136237437371, "Velocity": 9.234708777594982}
{"pos": [159786.5104431796, -1018.5823569440386, -578430.7978035703], "time": 1.6659824848175049, "altitude": 95.78758503298741, "Velocity": 13.910656932731275}
{"pos": [159788.83748052703, -1018.5914234108627, -578438.9806475984], "time": 2.175926685333252, "altitude": 104.29463927261531, "Velocity": 18.622045453096288}
{"pos": [159791.89014065696, -1018.5972207555883, -578449.5141019381], "time": 2.6897168159484863, "altitude": 115.26064564473927, "Velocity": 23.36905776696396}
{"pos": [159795.50499048232, -1018.5995488673784, -578461.878237047], "time": 3.198137044906616, "altitude": 128.14092803245876, "Velocity": 27.966723399158894}
{"pos": [159799.96598129952, -1018.599917148646, -578477.082102203], "time": 3.714465618133545, "altitude": 143.98371632001363, "Velocity": 32.78273740039222}
{"pos": [159804.92932943118, -1018.5995986922048, -578493.9738695589], "time": 4.218897581100464, "altitude": 161.58723007328808, "Velocity": 37.44680991148701}
{"pos": [159810.55578806775, -1018.5993245853447, -578513.1103364069], "time": 4.724110126495361, "altitude": 181.53096957155503, "Velocity": 42.14374958117392}
{"pos": [159817.11476200947, -1018.5992526565083, -578535.410731374], "time": 5.248046398162842, "altitude": 204.77271128934808, "Velocity": 47.063650680956634}
{"pos": [159824.39944857586, -1018.599261773225, -578560.1745344298], "time": 5.761988878250122, "altitude": 230.58216060919221, "Velocity": 52.01952295852002}
{"pos": [159832.4140475716, -1018.5991673566737, -578587.4200575508], "time": 6.2738356590271, "altitude": 260.1221430071164, "Velocity": 57.20426017484302}
{"pos": [159841.51370138268, -1018.5988153130152, -578618.3600132966], "time": 6.8187971115112305, "altitude": 291.22398247069214, "Velocity": 62.23400294122125}
{"pos": [159851.02834868303, -1018.598169698786, -578650.7217612397], "time": 7.339343547821045, "altitude": 324.9508400982013, "Velocity": 67.30028354571256}
{"pos": [159860.06376048975, -1018.5973344616928, -578681.4645679938], "time": 7.851829767227173, "altitude": 358.4297337754397, "Velocity": 72.00946021696633}
{"pos": [159871.8513542399, -1018.595908606831, -578721.5902154848], "time": 8.402981519699097, "altitude": 398.8052741250722, "Velocity": 77.34489370766768}
{"pos": [159883.11123150607, -1018.594311294552, -578759.9395250988], "time": 8.912445306777954, "altitude": 438.76822747976985, "Velocity": 82.32080987861006}
{"pos": [159895.0683623885, -1018.5924322935157, -578800.6864400542], "time": 9.418524265289307, "altitude": 481.22788363171276, "Velocity": 87.3312324228718}
{"pos": [159908.24713763964, -1018.5901825120077, -578845.6249839057], "time": 9.92455005645752, "altitude": 528.0531262471341, "Velocity": 92.57891179692596}
{"pos": [159921.6378612834, -1018.5876365864519, -578891.3158874194], "time": 10.434993743896484, "altitude": 575.6600020324113, "Velocity": 97.66047759374979}
{"pos": [159936.31617899137, -1018.5845699421466, -578941.4331279611], "time": 10.941879749298096, "altitude": 627.8762592441635, "Velocity": 102.98283373800453}
{"pos": [159951.15694914476, -1018.5813511234578, -578992.1395539627], "time": 11.450746297836304, "altitude": 680.7036875867052, "Velocity": 108.13718451754433}
{"pos": [159967.3522778095, -1018.5777021096424, -579047.5108552442], "time": 11.965820550918579, "altitude": 738.3882547894027, "Velocity": 113.53665749261768}
{"pos": [159984.32841657675, -1018.5738238370382, -579105.5905882188], "time": 12.496901988983154, "altitude": 798.8913788601058, "Velocity": 118.97656968182443}
{"pos": [160002.08997020774, -1018.5696179302745, -579166.399393253], "time": 13.010287284851074, "altitude": 862.2341810525395, "Velocity": 124.45773581495527}
{"pos": [160019.91324752063, -1018.5654079331421, -579227.4629102224], "time": 13.516583442687988, "altitude": 925.8389357603155, "Velocity": 129.76777832782253}
{"pos": [160039.22896639418, -1018.5608486881815, -579293.6871313173], "time": 14.039677381515503, "altitude": 994.8154722774634, "Velocity": 135.3326305285398}
{"pos": [160059.34536276656, -1018.5561210265719, -579362.7046275812], "time": 14.558288335800171, "altitude": 1066.6976367222378, "Velocity": 140.9415510463925}
{"pos": [160079.4476855451, -1018.5514514012598, -579431.722712608], "time": 15.064140796661377, "altitude": 1138.576622785884, "Velocity": 146.3772477928146}
{"pos": [160101.1499203292, -1018.5462760156356, -579506.285186459], "time": 15.578800201416016, "altitude": 1216.225839703693, "Velocity": 152.0756398336107}
{"pos": [160123.66967386467, -1018.5409194877707, -579583.7091613794], "time": 16.09195637702942, "altitude": 1296.8509319602745, "Velocity": 157.82139147253358}
{"pos": [160146.10031754404, -1018.5360182835125, -579660.8763306466], "time": 16.604620933532715, "altitude": 1377.204764988157, "Velocity": 163.39251795168}
{"pos": [160167.4158973568, -1018.5318538783454, -579734.2452186557], "time": 17.110713243484497, "altitude": 1453.600539242383, "Velocity": 168.5592665929606}
{"pos": [160191.33626656985, -1018.528359768387, -579816.5948216616], "time": 17.61484169960022, "altitude": 1539.3463818270247, "Velocity": 174.22030990775852}
{"pos": [160217.07224601813, -1018.527626076188, -579905.1273467814], "time": 18.1287260055542, "altitude": 1631.535377507913, "Velocity": 180.1468120958229}
{"pos": [160242.68162912424, -1018.5306475995444, -579993.0392747064], "time": 18.64518094062805, "altitude": 1723.09248314891, "Velocity": 185.87812772733483}
{"pos": [160270.24301122932, -1018.5374201996588, -580087.3734524257], "time": 19.155372142791748, "altitude": 1821.359750789241, "Velocity": 191.87330797104167}
{"pos": [160298.78785382237, -1018.5478579527103, -580184.6779879953], "time": 19.675691604614258, "altitude": 1922.7520198730053, "Velocity": 197.9038292573703}
{"pos": [160328.34929039, -1018.5616395151578, -580284.9623432541], "time": 20.195072889328003, "altitude": 2027.2872351439437, "Velocity": 203.96963589727045}
{"pos": [160360.16955682816, -1018.5804648247417, -580392.2633017129], "time": 20.73404335975647, "altitude": 2139.187220814172, "Velocity": 210.30281935675356}
{"pos": [160391.93673656243, -1018.6032344600521, -580498.6378415882], "time": 21.25796389579773, "altitude": 2250.180123338825, "Velocity": 216.4382127202988}
{"pos": [160424.84491591298, -1018.6309781162404, -580608.0106519382], "time": 21.769155979156494, "altitude": 2364.366898113629, "Velocity": 222.60646940026882}
{"pos": [160458.94832353079, -1018.6636097183787, -580720.3819719038], "time": 22.28594398498535, "altitude": 2481.7622220917838, "Velocity": 228.8069805796225}
{"pos": [160492.91068840912, -1018.6993899909378, -580831.262485188], "time": 22.799038887023926, "altitude": 2597.683043854893, "Velocity": 234.80317927633817}
{"pos": [160529.48820756518, -1018.74151730425, -580949.528740632], "time": 23.322431802749634, "altitude": 2721.419365882757, "Velocity": 241.07214518421245}
{"pos": [160567.4096337571, -1018.7897985075132, -581070.7985327179], "time": 23.834585666656494, "altitude": 2853.3580333559075, "Velocity": 247.3686825027775}
{"pos": [160608.27506592695, -1018.8459214621271, -581199.9089000975], "time": 24.376204252243042, "altitude": 2983.739558659843, "Velocity": 253.94498577489833}
{"pos": [160649.11177827776, -1018.9060315175668, -581327.2966880093], "time": 24.89388608932495, "altitude": 3117.402467578766, "Velocity": 260.3107673644897}
{"pos": [160686.50603805375, -1018.9645800951762, -581442.48249296], "time": 25.42743229866028, "altitude": 3238.387338794186, "Velocity": 265.9683539280981}
{"pos": [160730.26884052434, -1019.0367640582754, -581575.5116613356], "time": 25.95091485977173, "altitude": 3378.2673593887594,