{"pos": [159784.0487281985, -1018.5667198195802, -578421.4445766134], "time": 0.5975394248962402, "altitude": 86.1165301479632, "Velocity": 4.750300053537039}
{"pos": [159785.02387145633, -1018.5703326079743, -578425.034916233], "time": 1.1114799976348877, "altitude": 89.83690525020938, "Velocity": 9.374239616630081}
{"pos": [159786.62547402602, -1018.5739253021525, -578430.9562783653], "time": 1.6282386779785156, "altitude": 95.97095324855763, "Velocity": 14.032493397731223}
{"pos": [159788.8584208784, -1018.5774665533313, -578439.2258773168], "time": 2.1458592414855957, "altitude": 104.53656763199251, "Velocity": 18.725260698264133}
{"pos": [159791.72863590368, -1018.5811361843002, -578449.860758297], "time": 2.6681177616119385, "altitude": 115.55175588838756, "Velocity": 23.45274313778483}
{"pos": [159795.24203804747, -1018.5850854299711, -578462.8780843609], "time": 3.195101499557495, "altitude": 129.03463773231488, "Velocity": 28.215149235324944}
{"pos": [159799.40431647986, -1018.5894237992102, -578478.2951779742], "time": 3.711294412612915, "altitude": 145.0034252817277, "Velocity": 33.012684827276026}
{"pos": [159804.023513315, -1018.5940539536746, -578495.3987022584], "time": 4.215766429901123, "altitude": 162.71942247101106, "Velocity": 37.659006461501136}
{"pos": [159809.47440582022, -1018.5994418615223, -578515.5739885471], "time": 4.729205369949341, "altitude": 183.6177387596108, "Velocity": 42.52601947424767}
{"pos": [159815.5901241996, -1018.6055008645849, -578538.2012576996], "time": 5.246042490005493, "altitude": 207.0565383308567, "Velocity": 47.42872575380156}
{"pos": [159822.3759209677, -1018.6123887363569, -578563.2983558126], "time": 5.762794494628906, "altitude": 233.05442184582353, "Velocity": 52.36730833164256}
{"pos": [159829.83711313427, -1018.6201749339448, -578590.8832158373], "time": 6.280503749847412, "altitude": 261.6300907084951, "Velocity": 57.34194241694092}
{"pos": [159837.97897999192, -1018.6290059506641, -578620.9738677186], "time": 6.812316656112671, "altitude": 292.80232990242075, "Velocity": 62.35279869095698}
{"pos": [159846.80688421289, -1018.6390053823338, -578653.5884356368], "time": 7.328996419906616, "altitude": 326.59003740746994, "Velocity": 67.40003599496806}
{"pos": [159855.94705848687, -1018.6498418047772, -578687.3457580986], "time": 7.831968307495117, "altitude": 361.5623922130326, "Velocity": 72.28763507187436}
{"pos": [159866.13591995498, -1018.6624657109128, -578724.9641168775], "time": 8.34512734413147, "altitude": 400.5356254087528, "Velocity": 77.4067369541328}
{"pos": [159877.02632888284, -1018.6767871200786, -578765.160686307], "time": 8.863502979278564, "altitude": 442.1807921305299, "Velocity": 82.56272053342899}
{"pos": [159888.6236584678, -1018.6927064105616, -578807.9538258567], "time": 9.396136045455933, "altitude": 486.5170195783721, "Velocity": 87.75575147613844}
{"pos": [159900.9336048994, -1018.7101550966249, -578853.3620366498], "time": 9.912082433700562, "altitude": 533.563657545601, "Velocity": 92.9859896140183}
{"pos": [159913.9616144345, -1018.72917477486, -578901.4039841222], "time": 10.420217514038086, "altitude": 583.3401478450978, "Velocity": 98.25371076964338}
{"pos": [159927.17046777264, -1018.7490689277397, -578950.0995223174], "time": 10.928726434707642, "altitude": 633.7947871354409, "Velocity": 103.35457724262075}
{"pos": [159941.62212457933, -1018.7714767873035, -579003.3627377102], "time": 11.448116064071655, "altitude": 688.9831224975642, "Velocity": 108.69731461924617}
{"pos": [159956.807725826, -1018.7955283194528, -579059.3165429694], "time": 11.962136507034302, "altitude": 746.9603396893945, "Velocity": 114.0793218426013}
{"pos": [159972.73258654727, -1018.8213382631288, -579117.9808067563], "time": 12.480105638504028, "altitude": 807.7470054966398, "Velocity": 119.50126731243557}
{"pos": [159988.74769656814, -1018.8478249728428, -579176.9634946118], "time": 12.996280431747437, "altitude": 868.8646312484052, "Velocity": 124.75303103303666}
{"pos": [160006.14043404744, -1018.8770741343246, -579241.0029598132], "time": 13.511132717132568, "altitude": 935.223295308766, "Velocity": 130.25564455538452}
{"pos": [160023.5781607667, -1018.9066915333019, -579305.1925929303], "time": 14.015713214874268, "altitude": 1001.7386857987149, "Velocity": 135.58663851875502}
{"pos": [160042.46185983135, -1018.9390459179626, -579374.6881932971], "time": 14.529011964797974, "altitude": 1073.7535061859526, "Velocity": 141.1732961379213}
{"pos": [160061.34441647402, -1018.971536529039, -579444.1640948362], "time": 15.033123254776001, "altitude": 1145.749035094399, "Velocity": 146.5866700641105}
{"pos": [160081.74255514896, -1019.0070602714763, -579519.2000679548], "time": 15.549472093582153, "altitude": 1223.5074598166393, "Velocity": 152.26054189415134}
{"pos": [160102.9228857934, -1019.0440008461223, -579597.0934717411], "time": 16.064294576644897, "altitude": 1304.2284302847693, "Velocity": 157.97985282863252}
{"pos": [160124.89292127214, -1019.0829197287308, -579677.867228505], "time": 16.597087860107422, "altitude": 1387.9360426466446, "Velocity": 163.74545375375712}
{"pos": [160147.66002552214, -1019.1239931404339, -579761.5443379716], "time": 17.11084508895874, "altitude": 1474.6544273609761, "Velocity": 169.55835253869137}
{"pos": [160171.23080364062, -1019.1665180146442, -579848.1490197864], "time": 17.62843656539917, "altitude": 1564.4086872301996, "Velocity": 175.41951926679408}
{"pos": [160194.6593129257, -1019.2090740024792, -579934.2060800112], "time": 18.131585359573364, "altitude": 1653.597214521491, "Velocity": 181.1014699304991}
{"pos": [160219.8263796009, -1019.2550765096889, -580026.6240534412], "time": 18.645971298217773, "altitude": 1749.3799389015185, "Velocity": 187.05930685300385}
{"pos": [160245.817975122, -1019.3040762960659, -580122.0424055995], "time": 19.164348602294922, "altitude": 1848.2742719796952, "Velocity": 193.06746762357935}
{"pos": [160272.64097403936, -1019.3560595929371, -580220.4868669957], "time": 19.694595098495483, "altitude": 1950.3068457918707, "Velocity": 199.12704746253337}
{"pos": [160299.2224204484, -1019.4085532843815, -580318.0228586509], "time": 20.197372913360596, "altitude": 2051.3994311220013, "Velocity": 205.00265793871714}
{"pos": [160327.69551952637, -1019.4657093107448, -580422.4788169652], "time": 20.712390184402466, "altitude": 2159.6658503165236, "Velocity": 211.16490107625484}
{"pos": [160357.02055236348, -1019.5258275091396, -580530.0390875803], "time": 21.228406190872192, "altitude": 2271.1513565726345, "Velocity": 217.38036214425443}
{"pos": [160386.0270968767, -1019.5871986567722, -580636.4144526335], "time": 21.730783462524414, "altitude": 2381.409934259136, "Velocity": 223.4078859396433}
{"pos": [160417.0422487682, -1019.6551835953937, -580750.1423423869], "time": 22.248607635498047, "altitude": 2499.290432145819, "Velocity": 229.7300678168295}
{"pos": [160448.93056465057, -1019.7266820421506, -580867.0552038051], "time": 22.76164412498474, "altitude": 2620.473418375128, "Velocity": 236.10760643633614}
{"pos": [160481.69917424204, -1019.8027038138963, -580987.1809930415], "time": 23.293802976608276, "altitude": 2744.987739962642, "Velocity": 242.5408619990651}
{"pos": [160515.35697935836, -1019.8832137771934, -581110.5476339888], "time": 23.810729026794434, "altitude": 2872.8626828836277, "Velocity": 249.03095679341374}
{"pos": [160549.91206879372, -1019.9682777788355, -581237.1839131754], "time": 24.32616376876831, "altitude": 3004.128148310003, "Velocity": 255.57916555643433}
{"pos": [160582.6124871134, -1020.050929299831, -581357.0064788254], "time": 24.854164361953735, "altitude": 3128.332048085518, "Velocity": 261.67644014604303}
{"pos": [160621.74630800952, -1020.1525064928747, -581500.384140295], "time": 25.36644458770752, "altitude": 3276.9536899960367, "Velocity": 268.8552540920289}
{"pos": [160659.0363265081, -1020.2522048529754, -581637.0098037717], "time": 25.884180545806885,