{"pos": [159783.99720736605, -1018.5676269829273, -578421.5180837605], "time": 0.6433744430541992, "altitude": 86.17366666300222, "Velocity": 4.771598727305542}
{"pos": [159784.9782772268, -1018.5722776651382, -578425.1237801872], "time": 1.1536052227020264, "altitude": 89.91042398277204, "Velocity": 9.41547361153922}
{"pos": [159786.51479340144, -1018.577973163221, -578430.7983525507], "time": 1.6592473983764648, "altitude": 95.78926507942379, "Velocity": 13.913233723613956}
{"pos": [159788.73320435395, -1018.5854202609044, -578439.0128335379], "time": 2.1778712272644043, "altitude": 104.29788758256473, "Velocity": 18.624896534618347}
{"pos": [159791.58913563614, -1018.594832053408, -578449.6027463988], "time": 2.702073574066162, "altitude": 115.26593762845732, "Velocity": 23.371413090270174}
{"pos": [159795.08786284193, -1018.6065259557217, -578462.5854919809], "time": 3.2107582092285156, "altitude": 128.71159311756492, "Velocity": 28.152986382086343}
{"pos": [159799.06303433768, -1018.6201183125377, -578477.3417835109], "time": 3.7215216159820557, "altitude": 143.99363029084634, "Velocity": 32.78390436248176}
{"pos": [159803.83751415528, -1018.6368642784655, -578495.069254969], "time": 4.240539073944092, "altitude": 162.35241609683726, "Velocity": 37.63483028100315}
{"pos": [159809.26965655133, -1018.6564585864544, -578515.2419471078], "time": 4.753647565841675, "altitude": 184.0975747818593, "Velocity": 42.71004802893683}
{"pos": [159815.6119692934, -1018.6800801828504, -578538.7978505183], "time": 5.299993515014648, "altitude": 207.63753600162454, "Velocity": 47.63381087734629}
{"pos": [159822.39960854387, -1018.7062393128872, -578564.010721602], "time": 5.821829080581665, "altitude": 233.74753615877125, "Velocity": 52.593570062274736}
{"pos": [159829.85953708872, -1018.7360215038061, -578591.7236188817], "time": 6.342871427536011, "altitude": 262.44632077007554, "Velocity": 57.58950339250114}
{"pos": [159837.022927389, -1018.7655946165323, -578618.3375004887], "time": 6.8483970165252686, "altitude": 290.0068079236662, "Velocity": 62.03926362895903}
{"pos": [159845.76293276963, -1018.8029170930386, -578650.8116685459], "time": 7.356011629104614, "altitude": 323.6358262184076, "Velocity": 67.10383072928532}
{"pos": [159855.18904848112, -1018.8445526063442, -578685.8387320519], "time": 7.878302812576294, "altitude": 359.90827083576005, "Velocity": 72.20505781177813}
{"pos": [159865.30601144384, -1018.8907114565372, -578723.4372397568], "time": 8.402310132980347, "altitude": 398.8432825410273, "Velocity": 77.34309680326577}
{"pos": [159876.11873204666, -1018.9417313933372, -578763.625645109], "time": 8.920012712478638, "altitude": 440.45995664491784, "Velocity": 82.5181004463351}
{"pos": [159887.632054117, -1018.9979178607464, -578806.4226777086], "time": 9.435271501541138, "altitude": 484.77763686538674, "Velocity": 87.73028685117941}
{"pos": [159899.8504878334, -1019.0594749450684, -578851.8471658999], "time": 9.95509648323059, "altitude": 531.8156730909832, "Velocity": 92.97984769779427}
{"pos": [159912.26841711657, -1019.1239082813263, -578898.0199515837], "time": 10.465009212493896, "altitude": 581.5935474041617, "Velocity": 98.06291597032445}
{"pos": [159926.96079657596, -1019.2022905349731, -578952.6591616075], "time": 11.019312858581543, "altitude": 636.2069616141962, "Velocity": 103.79773152190455}
{"pos": [159941.35078165118, -1019.2811327576637, -579006.1839447721], "time": 11.544746398925781, "altitude": 693.8185989288613, "Velocity": 109.16305874482323}
{"pos": [159957.06116484845, -1019.3696306347847, -579064.6309585136], "time": 12.082284927368164, "altitude": 752.1513553309487, "Velocity": 114.77636417858037}
{"pos": [159972.93381115166, -1019.4615693092346, -579123.6913268612], "time": 12.599780797958374, "altitude": 813.3060361496173, "Velocity": 120.22268306967186}
{"pos": [159988.8892860992, -1019.5562552213669, -579183.0698743496], "time": 13.112560987472534, "altitude": 874.7894686821382, "Velocity": 125.49808870643587}
{"pos": [160006.20940749403, -1019.6612803339958, -579247.5369764683], "time": 13.61953091621399, "altitude": 941.5411264115246, "Velocity": 131.0254247645848}
{"pos": [160023.5670738611, -1019.7692779898643, -579312.1532087077], "time": 14.129109621047974, "altitude": 1008.4465327687794, "Velocity": 136.380300080424}
{"pos": [160042.35625067545, -1019.8890704512596, -579382.1086920799], "time": 14.647597551345825, "altitude": 1080.879616433289, "Velocity": 141.9920736571869}
{"pos": [160061.13608602565, -1020.0115657448769, -579452.0428258134], "time": 15.168833494186401, "altitude": 1153.2896389670204, "Velocity": 147.42960960623503}
{"pos": [160082.2086544674, -1020.1527624726295, -579530.5342290925], "time": 15.69844102859497, "altitude": 1234.5585070843808, "Velocity": 153.34745137104625}
{"pos": [160103.28569400916, -1020.298364341259, -579609.0469035256], "time": 16.214102268218994, "altitude": 1315.8490769914351, "Velocity": 159.08687754591548}
{"pos": [160125.15875923267, -1020.4547138810158, -579690.4460958892], "time": 16.736971616744995, "altitude": 1400.1339294362115, "Velocity": 164.86173966290454}
{"pos": [160147.86296662394, -1020.6220259070396, -579774.7409415168], "time": 17.24659013748169, "altitude": 1487.4312202204019, "Velocity": 170.67091604302198}
{"pos": [160170.50657548095, -1020.7930755019188, -579858.5340435894], "time": 17.75113606452942, "altitude": 1574.228751805611, "Velocity": 176.28993281289624}
{"pos": [160193.97717265712, -1020.9753937125206, -579945.0224024608], "time": 18.25609564781189, "altitude": 1667.4880057545379, "Velocity": 182.16670545396823}
{"pos": [160219.30005617475, -1021.1785790324211, -580037.8369275236], "time": 18.775901794433594, "altitude": 1760.051169684506, "Velocity": 187.8505409933363}
{"pos": [160245.5859621919, -1021.3958763480186, -580133.584686376], "time": 19.295335054397583, "altitude": 1859.3416662792442, "Velocity": 193.79760861792326}
{"pos": [160272.8694248716, -1021.6280938982964, -580232.2747047668], "time": 19.818609952926636, "altitude": 1961.7338392136153, "Velocity": 199.7769789988772}
{"pos": [160301.2014039735, -1021.8765503764153, -580333.9090621441], "time": 20.32795238494873, "altitude": 2067.2432632341515, "Velocity": 205.78768656272115}
{"pos": [160329.47225987542, -1022.1299733519554, -580434.4164208437], "time": 20.837939977645874, "altitude": 2171.6501053648535, "Velocity": 211.60166044954232}
{"pos": [160359.97977325958, -1022.4094590544701, -580541.8453406553], "time": 21.352463483810425, "altitude": 2283.3242133767344, "Velocity": 217.68053160094894}
{"pos": [160391.66856331239, -1022.7061006426811, -580652.2332065525], "time": 21.86967396736145, "altitude": 2398.1650038853986, "Velocity": 223.79141211188562}
{"pos": [160423.29472839893, -1023.0087649226189, -580761.1699345381], "time": 22.376254558563232, "altitude": 2511.5903799539665, "Velocity": 229.7011663763185}
{"pos": [160456.0972589079, -1023.3294314195205, -580872.8491232889], "time": 22.880027294158936, "altitude": 2627.9724666724214, "Velocity": 235.63912239687716}
{"pos": [160491.52118221208, -1023.6822313243687, -580991.9009867231], "time": 23.40123724937439, "altitude": 2752.159107586718, "Velocity": 241.84515480784614}
{"pos": [160525.4507612312, -1024.0252402309884, -581104.4254709925], "time": 23.913081884384155, "altitude": 2869.6561212559463, "Velocity": 247.60832649154673}
{"pos": [160563.58234787753, -1024.4166652065376, -581229.1818034897], "time": 24.433712244033813, "altitude": 3000.0623431490967, "Velocity": 253.88530315308992}
{"pos": [160603.21037859863, -1024.8305094931654, -581356.901083535], "time": 24.950535535812378, "altitude": 3133.723065570928, "Velocity": 260.19339613044514}
{"pos": [160642.78488031734, -1025.2500972204118, -581482.4989024275], "time": 25.462738513946533, "altitude": 3265.324713494163, "Velocity": 266.2944811721839}
{"pos": [160687.20342973567, -1025.7278857816086, -581621.2186046564], "time": 25.998936891555786,